Geoname ID;Name;ASCII Name;Alternate Names;Feature Class;Feature Code;Country Code;Country name EN;Country Code 2;Admin1 Code;Admin2 Code;Admin3 Code;Admin4 Code;Population;Elevation;DIgital Elevation Model;Timezone;Modification date;LABEL EN;Coordinates
3374707;Cova Figueira;Cova Figueira;Cova Figueira,Koba Figera,Kóba Figera;P;PPLA;CV;Cape Verde;;24;;;;720;;480;Atlantic/Cape_Verde;2023-11-29;Cape Verde;14.89054, -24.29343
2509846;Valsequillo de Gran Canaria;Valsequillo de Gran Canaria;Valsequillo,Valsequillo de Gran Canaria;P;PPLA3;ES;Spain;;53;GC;35031;;8635;;601;Atlantic/Canary;2012-03-04;Spain;27.98562, -15.49725
2512186;Puerto del Rosario;Puerto del Rosario;Puehrto-del'-Rosario,Puerto Cabras,Puerto Rosario,Puerto de Cabras,Puerto del Rosario,Пуэрто-дель-Росарио;P;PPLA3;ES;Spain;;53;GC;35017;;35667;;43;Atlantic/Canary;2012-03-04;Spain;28.50038, -13.86272
2517349;Garachico;Garachico;Garachico,Garachiko,Гарачико;P;PPL;ES;Spain;;53;TF;38033;;6000;;295;Atlantic/Canary;2016-06-23;Spain;28.77807, -17.76459
2522325;Agüimes;Aguimes;Agueimes,Aguimes,Agvimes,Agüimes,Агвимес,Агуимес;P;PPLA3;ES;Spain;;53;GC;35002;;28924;;287;Atlantic/Canary;2025-07-07;Spain;27.90539, -15.44609
6692470;Los Gigantes;Los Gigantes;Acantilado de los Gigantes,Los Gigantes,s.m.t. Veliki Ambali,с.м.т. Великі Амбали;P;PPL;ES;Spain;;53;TF;38040;;2721;;20;Atlantic/Canary;2024-02-01;Spain;28.24361, -16.84153
2263197;São Vicente;Sao Vicente;San-Visente,San-Visenti,Sao Vicente,São Vicente,sheng wei sen te,Сан-Висенте,Сан-Висенти,Сан-Вісенте,聖維森特;P;PPL;PT;Portugal;;10;3110;311003;;6063;;111;Atlantic/Madeira;2020-01-16;Portugal;32.79673, -17.04323
2514452;Los Silos;Los Silos;Los Silos,Silos;P;PPL;ES;Spain;;53;TF;38042;;4757;;98;Atlantic/Canary;2021-11-03;Spain;28.3661, -16.81552
6355127;Costa Teguise;Costa Teguise;Costa Teguise,コスタ・テギセ;P;PPL;ES;Spain;;53;GC;35024;;7629;;28;Atlantic/Canary;2019-01-09;Spain;28.99838, -13.49911
2630299;Höfn;Hoefn;Gepn,HFN,Hafnar,Hafnar i Hornafirdi,Hafnar í Hornafirði,Hoefn,Hoefn i Hornafirdi,Hofn,Höfn,Höfn í Hornafirði,Khebn,Khjobn,Sveitarfelagid Hornafjoerdur,Sveitarfélagið Hornafjörður,he ben,hepun,hoepeun,Гепн,Хебн,Хёбн,ヘプン,赫本,회픈;P;PPL;IS;Iceland;;38;7708;;;1690;;1;Atlantic/Reykjavik;2022-01-14;Iceland;64.25388, -15.21212
3412011;Vogar;Vogar;Voga,Vogar,Vogar a Vatnsleysustroend,Vogar á Vatnsleysuströnd,Vogum;P;PPL;IS;Iceland;;43;2506;;;1029;;7;Atlantic/Reykjavik;2016-12-03;Iceland;63.9816, -22.38473
3412888;Stykkishólmur;Stykkisholmur;SYK,Stykkisholmi,Stykkisholmur,Stykkishólmi,Stykkishólmur;P;PPL;IS;Iceland;;45;3716;;;1108;;-9999;Atlantic/Reykjavik;2023-01-13;Iceland;65.07537, -22.72977
3417079;Garður;Gardur;Gard,Gardar,Gardi,Gardur,Garð,Garðar,Garði,Garður,Gerdar,Gerðar,Goerdum,Görðum;P;PPL;IS;Iceland;;43;2507;;;1429;;5;Atlantic/Reykjavik;2020-11-29;Iceland;64.07055, -22.6513
2263320;São Jorge;Sao Jorge;Sao Jorge,São Jorge;P;PPL;PT;Portugal;;10;3109;310906;;1473;;73;Atlantic/Madeira;2018-03-01;Portugal;32.81667, -16.9
2270380;Câmara de Lobos;Camara de Lobos;Camara de Lobos,Câmara de Lobos,Kamara nte Lompos,Kamara-de-Lobos,Kamara-de-Lobush,Kamara-di-Lobush,ka ma la-de luo bu shen,kamara dlwbws,kamara dy lwbws,Καμάρα ντε Λόμπος,Камара-де-Лобос,Камара-де-Лобуш,Камара-ди-Лобуш,كامارا دي لوبوس,کامارا دلوبوس,კამარა-დი-ლობუში,卡馬拉-德洛布什;P;PPL;PT;Portugal;;10;3102;310201;;32209;;83;Atlantic/Madeira;2018-02-09;Portugal;32.65043, -16.97718
3372485;Velas;Velas;Velas,Velasas,Velash,Velašas,Vellas,Villa das Vellas,bellaseu,wei la si,Велаш,韋拉斯,벨라스;P;PPL;PT;Portugal;;23;4502;450206;;1980;;35;Atlantic/Azores;2018-07-04;Portugal;38.68182, -28.20909
3372591;São Roque;Sao Roque;Sao Roque,São Roque;P;PPL;PT;Portugal;;23;4203;420318;;4932;;45;Atlantic/Azores;2018-01-31;Portugal;37.75418, -25.64127
3374166;Tarrafal;Tarrafal;Tarrafal,Vila do Tarrafal;P;PPLA;CV;Cape Verde;;20;;;;13483;;17;Atlantic/Cape_Verde;2023-11-29;Cape Verde;15.27881, -23.75192
2268388;Faial;Faial;Faial;P;PPL;PT;Portugal;;10;3109;310902;;1567;;-128;Atlantic/Madeira;2018-03-01;Portugal;32.78333, -16.85
2268937;Corujeira de Dentro;Corujeira de Dentro;;P;PPL;PT;Portugal;;10;3103;310301;;5627;;294;Atlantic/Madeira;2024-03-29;Portugal;32.66667, -16.91667
3372589;São Roque do Pico;Sao Roque do Pico;San Roque,San-Roke-du-Piku,Sao Roque,Sao Roque do Pico,São Roque,São Roque do Pico,Сан-Роке-ду-Пику;P;PPL;PT;Portugal;;23;4603;460305;;3705;;27;Atlantic/Azores;2014-10-20;Portugal;38.51631, -28.30752
13353865;Smith's Parish;Smith's Parish;;P;PPLL;BM;Bermuda;;09;;;;5406;;1;Atlantic/Bermuda;2025-06-02;Bermuda;32.31389, -64.73897
2514912;Lomo de Arico;Lomo de Arico;Arico,Lomo de Arico;P;PPL;ES;Spain;;53;TF;38017;;7189;;401;Atlantic/Canary;2012-01-19;Spain;28.16667, -16.48333
2516814;Haría;Haria;Haria,Haría;P;PPLA3;ES;Spain;;53;GC;35010;;4833;;287;Atlantic/Canary;2012-03-04;Spain;29.14553, -13.49986
2632428;Reyðarfjörður;Reydarfjoerdur;Budareyri,Búðareyri,Fjardabyggd,Fjarðabyggð,Rejdarf'ordjur,Rejdarfjerdir,Reydarfirdi,Reydarfjardar,Reydarfjoerd,Reydarfjoerdur,Reydarfjordur,Reyðarfirði,Reyðarfjarðar,Reyðarfjörð,Reyðarfjörður,lei zha er fei e ze,reizarufiyoruzuru,Рейдарфьордюр,Рејдарфјердир,レイザルフィヨルズル,雷扎爾菲厄澤;P;PPL;IS;Iceland;;38;7300;;;1152;;-9999;Atlantic/Reykjavik;2016-12-03;Iceland;65.03164, -14.21832
2612890;Sørvágur;Sorvagur;Saurvogur,Siorvaguras,Sjorvoavur,Soervaag,Sorvaag,Sorvag,Sorvagur,Sorvankour,Sörvag,Sørvaag,Sørvágur,Sørvåg,se wo ge,swrfaghwr,Σόρβαγκουρ,Сёрвоавур,סרוואגיר,سورفاغور,瑟沃格;P;PPL;FO;Faeroe Islands;DK;VG;36;;;1148;;79;Atlantic/Faroe;2023-01-03;Faeroe Islands;62.07203, -7.30749
2264412;Porto Moniz;Porto Moniz;Porto Moniz,Porto do Moniz,Portu-Monish,Pôrto do Moniz,Порту-Мониш;P;PPL;PT;Portugal;;10;3106;310602;;2762;;24;Atlantic/Madeira;2017-09-27;Portugal;32.86681, -17.16667
2266895;Machico;Machico;Machico;P;PPL;PT;Portugal;;10;3104;310403;;12567;;39;Atlantic/Madeira;2017-09-16;Portugal;32.7162, -16.76758
3372621;São Bartolomeu;Sao Bartolomeu;Sao Bartholomeu,Sao Bartolomeu,São Bartholomeu,São Bartolomeu;P;PPL;PT;Portugal;;23;4301;430114;;1983;;119;Atlantic/Azores;2023-09-28;Portugal;38.67491, -27.29349
2510621;Tanque;Tanque;Tanque;P;PPL;ES;Spain;;53;TF;38010;;3068;;424;Atlantic/Canary;2022-12-23;Spain;28.35584, -16.77986
2511230;San Sebastián de la Gomera;San Sebastian de la Gomera;GMZ,La Gomeros San Sebastianas,San Sebastian,San Sebastian de La Gomera,San Sebastian de la Gomera,San Sebastián de La Gomera,San Sebastián de la Gomera,San-Sebasc'jan-deh-la-Gamera,San-Sebast'jan-de-la-Gomera,san sbastyan d la gmra,san sybastyan dy la ghwmyra,sheng sai wa si di an de la ge mei la,Сан-Себастьян-де-ла-Гомера,Сан-Себасцьян-дэ-ла-Гамера,سان سباستیان د لا گمرا,سان سيباستيان دي لا غوميرا,圣塞瓦斯蒂安德拉戈梅拉;P;PPL;ES;Spain;;53;TF;38036;;8964;;8;Atlantic/Canary;2021-08-19;Spain;28.09163, -17.11331
2516860;Guía de Isora;Guia de Isora;Gia-de-Isora,Gija-de-Isora,Guia,Guia de Isora,Guia de Izara,Guía,Guía de Isora,ghya dy aswra,gwya d aysra,ji ya de suo la,Гия-де-Исора,Гіа-де-Ісора,غيا دي إسورا,گویا د ایسرا,吉亚德索拉;P;PPLA3;ES;Spain;;53;TF;38019;;20536;;594;Atlantic/Canary;2012-03-04;Spain;28.21154, -16.77947
2521582;Arona;Arona;Aron,Arona,Arona pa Tenerife,Arona på Tenerife,a luo na,arwna  asbanya,Арон,Арона,أرونا، إسبانيا,阿罗纳;P;PPLA3;ES;Spain;;53;TF;38006;;78614;;632;Atlantic/Canary;2015-09-03;Spain;28.09962, -16.68102
2521602;Cruce de Arinaga;Cruce de Arinaga;Puerto de Arinaga;P;PPLL;ES;Spain;;53;GC;35002;;2700;;75;Atlantic/Canary;2007-06-07;Spain;27.87656, -15.42798
6544327;Costa Calma;Costa Calma;Costa Calma,Kosta Kal'ma,Коста Кальма,コスタ・カルマ;P;PPL;ES;Spain;;53;GC;35015;;5670;;26;Atlantic/Canary;2019-01-17;Spain;28.16155, -14.22691
2616914;Miðvágur;Midvagur;Midvaag,Midvag,Midvaguras,Midvåg,Mivoavur,Мивоавур;P;PPLA;FO;Faeroe Islands;;VG;34;;;1040;;105;Atlantic/Faroe;2017-02-01;Faeroe Islands;62.05111, -7.19389
2263284;São Martinho;Sao Martinho;Sao Martinho,São Martinho;P;PPL;PT;Portugal;;10;3103;310307;;26482;;198;Atlantic/Madeira;2018-02-09;Portugal;32.6448, -16.93843
2263491;Santana;Santana;Santana,Сантана;P;PPL;PT;Portugal;;10;3109;310903;;8804;;492;Atlantic/Madeira;2012-01-17;Portugal;32.8, -16.88333
2270385;Camacha;Camacha;;P;PPL;PT;Portugal;;10;3201;320101;;5149;;143;Atlantic/Madeira;2024-04-14;Portugal;33.08665, -16.34253
3373025;Furnas;Furnas;Furnash,puleunaseu hwasan,Фурнаш,푸르나스 화산;P;PPL;PT;Portugal;;23;4204;420403;;1599;;241;Atlantic/Azores;2011-09-04;Portugal;37.77567, -25.31035
6941014;Ponta Delgada;Ponta Delgada;PDL,Ponta Delgada,Ponta Delgada (Azores),Ponta Ntelgada,Ponta-Dehlgada,Ponta-Delgada,Pontae-Delgadae,bwnta dylghada,peng ta de er jia da,pontadelgada,pwnta dlgada,pwnth dlgdh,Πόντα Ντελγάδα,Понтæ-Делгадæ,Понта Делгада,Понта-Делгада,Понта-Дэлгада,פונטה דלגדה,بونتا ديلغادا,پونتا دلگادا,ปงตาแดลกาดา,პონტა-დელგადა,ポンタ・デルガダ,蓬塔德爾加達,폰타델가다;P;PPLA;PT;Portugal;;23;4203;420312;;20056;;12;Atlantic/Azores;2019-09-10;Portugal;37.73952, -25.66874
3374120;Vila do Maio;Vila do Maio;MMO,Maio,Nossa Senhora da Luz,Port Ingles,Porto Ingles,Porto Inglez,Porto Inglês,Vila do Maio,Vila do Porto Ingles,Vila do Porto Inglês;P;PPLA;CV;Cape Verde;;04;;;;4472;;22;Atlantic/Cape_Verde;2023-11-29;Cape Verde;15.13823, -23.21158
8441167;João Teves;Joao Teves;Joao Teves,João Teves;P;PPLA;CV;Cape Verde;;25;;;;627;;207;Atlantic/Cape_Verde;2023-11-29;Cape Verde;15.06694, -23.58917
2512196;Puerto de la Cruz;Puerto de la Cruz;Orotava,Puehrto-de-la-Krus,Puerto de la Cruz,Puerto de la Krus,Puerto de la Krusas,Puerto-de-la-Krus,bwyrtw dy la krwth,pu ai er tuo de la ke lu si,Пуерто де ла Крус,Пуерто-де-ла-Крус,Пуэрто-де-ла-Крус,بويرتو دي لا كروث,普埃尔托德拉克鲁斯;P;PPLA3;ES;Spain;;53;TF;38028;;32219;;-9999;Atlantic/Canary;2023-10-18;Spain;28.41686, -16.55085
2516861;Guia;Guia;Guia de Gran Canaria,Guía de Gran Canaria;P;PPL;ES;Spain;;53;GC;35009;;14031;;181;Atlantic/Canary;2008-12-23;Spain;28.13974, -15.63294
2522318;Agulo;Agulo;Agulo;P;PPLA3;ES;Spain;;53;TF;38002;;1252;;214;Atlantic/Canary;2012-03-04;Spain;28.18778, -17.19678
13353866;Hamilton Parish;Hamilton Parish;;P;PPLL;BM;Bermuda;;02;;;;5862;;1;Atlantic/Bermuda;2025-06-02;Bermuda;32.34221, -64.73019
3374725;Cidade Velha;Cidade Velha;Cidade Velha,Sidade Vel'ja,Sidade Velia,Sidade Velja,Sidade-Vel'ja,Sidadi-Vel'ja,Velha,jiu cheng,sidade-velia,sidadeubellya,sydady fylha,Σιδάδε Βέλια,Сидаде Велья,Сидади-Велья,Сідаде-Велья,סידאדה וליה,سيدادي فيلها,სიდადე-ველია,シダーデ・ヴェーリャ,舊城,시다드벨랴;P;PPLA;CV;Cape Verde;;23;;;;3319;;5;Atlantic/Cape_Verde;2023-11-29;Cape Verde;14.91531, -23.60527
6354970;Puerto Rico;Puerto Rico;;P;PPL;ES;Spain;;53;GC;35012;;11000;10;25;Atlantic/Canary;2015-04-14;Spain;27.78943, -15.71045
13353868;Paget Parish;Paget Parish;;P;PPLL;BM;Bermuda;;04;;;;5702;;1;Atlantic/Bermuda;2025-06-02;Bermuda;32.28016, -64.78329
2614304;Saltangará;Saltangara;Heidharnar,Heiðarnar,Sal'tengaroa,Saltan'nkara,Saltangara,Saltangará,Saltangera,Saltangeraa,Saltangerå,Σάλτανγκαρα,Сальтенгароа;P;PPL;FO;Faeroe Islands;;OS;14;;;1116;;101;Atlantic/Faroe;2023-01-03;Faeroe Islands;62.11647, -6.71797
7798678;Eystur;Eystur;;P;PPLA2;FO;Faeroe Islands;;OS;12;;;0;;291;Atlantic/Faroe;2017-02-01;Faeroe Islands;62.20907, -6.75247
3372954;Lajes das Flores;Lajes das Flores;Floresh,Lagens,Lagens das Flores,Lajens das Flores,Lajes das Flores,Lazhish-dash-Florish,la ri shen da shen fu luo li shen,lajeuseudaseupeulloleuseu,Лажиш-даш-Флориш,Флореш,拉日什達什弗洛里什,라즈스다스플로르스;P;PPL;PT;Portugal;;23;4801;480105;;3907;;99;Atlantic/Azores;2016-06-12;Portugal;39.37744, -31.17847
3374360;Picos;Picos;Picos,Pikus;P;PPLA;CV;Cape Verde;;26;;;;2040;;432;Atlantic/Cape_Verde;2023-11-29;Cape Verde;15.0836, -23.63236
3374888;Assomada;Assomada;Assomada,Assumada;P;PPLA;CV;Cape Verde;;15;;;;21297;;391;Atlantic/Cape_Verde;2023-11-29;Cape Verde;15.1, -23.68333
2512145;Punta de Mujeres;Punta de Mujeres;Punta Mujeres,Punta de Mujeres,Punta-Mukheres,Пунта-Мухерес;P;PPL;ES;Spain;;53;GC;35010;;1107;;11;Atlantic/Canary;2019-01-09;Spain;29.1466, -13.44761
2513798;Mogán;Mogan;Mogan,Mogán;P;PPLA3;ES;Spain;;53;GC;35012;;21690;;238;Atlantic/Canary;2012-03-04;Spain;27.88385, -15.72538
6354969;Playa del Ingles;Playa del Ingles;Plaja del' Ingles,Playa del Ingles,Playa del Inglés,Плая дель Инглес;P;PPL;ES;Spain;;53;GC;35019;;17158;;49;Atlantic/Canary;2018-06-08;Spain;27.7567, -15.5787
6692471;Los Realejos;Los Realejos;Los-Realekhos,luo si lei ya lai huo si,lws ryalykhws,Лос-Реалехос,لوس رياليخوس,洛斯雷亚莱霍斯;P;PPLA3;ES;Spain;;53;TF;38031;;36405;;297;Atlantic/Canary;2025-07-29;Spain;28.38487, -16.58275
2610294;Við Sjógv;Vid Sjogv;Siov,Sjogv,Sjov,Sjov Kirkja,Sjovar Kirkja,Sjógv,Sjóvar Kirkja,Vidh Sjogv,Við Sjógv;P;PPL;FO;Faeroe Islands;;OS;17;;;1158;;-9999;Atlantic/Faroe;2023-01-03;Faeroe Islands;62.11967, -6.75005
2610302;Viðareiði;Vidareidi;Videreide,Viderejde,Vidhareidhi,Viðareiði;P;PPLA2;FO;Faeroe Islands;;NO;3;;;0;;123;Atlantic/Faroe;2019-04-29;Faeroe Islands;62.35999, -6.5313
3415021;Mosfellsbær;Mosfellsbaer;Mosfedl'sbajr,Mosfedlsbajr,Mosfel'sbair,Mosfellsbae,Mosfellsbaejar,Mosfellsbaer,Mosfellsbæ,Mosfellsbæjar,Mosfellsbær,mo si fei de si bai er,Мосфедлсбајр,Мосфедльсбайр,Мосфельсбаїр,מוספלסבאיר,莫斯费德斯拜尔;P;PPL;IS;Iceland;;39;1604;;;12073;;22;Atlantic/Reykjavik;2022-10-03;Iceland;64.16667, -21.7
2263228;São Roque;Sao Roque;Sao Roque,São Roque;P;PPL;PT;Portugal;;10;3103;310301;;9385;;294;Atlantic/Madeira;2018-01-11;Portugal;32.66667, -16.91667
2263540;Santa Cruz;Santa Cruz;Santa Cruz,Santa Cruz (Madeira),Santa Krouz,Santa-Krush,Santa-Kruzh,santa krwz  madyra,santakeuluseu,sheng ke lu si,Σάντα Κρουζ,Санта-Круж,Санта-Круш,سانتا کروز، مادیرا,სანტა-კრუში,聖克魯斯,산타크루스;P;PPL;PT;Portugal;;10;3108;310805;;6010;;22;Atlantic/Madeira;2019-09-10;Portugal;32.68806, -16.79388
2270386;Camacha;Camacha;Camacha,Kamasha,Камаша;P;PPL;PT;Portugal;;10;3108;310802;;7991;;703;Atlantic/Madeira;2011-09-04;Portugal;32.67919, -16.84462
2271598;Arco da Calheta;Arco da Calheta;Arco da Calheta,Arco da Calheta  Madeira,Arku-da-Kal'eta,Арку-да-Кальета;P;PPL;PT;Portugal;;10;3101;310101;;3241;;236;Atlantic/Madeira;2016-11-23;Portugal;32.71502, -17.14974
3372698;Ribeira Seca;Ribeira Seca;Ribeira Seca;P;PPL;PT;Portugal;;23;4501;450103;;1025;;152;Atlantic/Azores;2018-02-27;Portugal;38.6, -27.98333
3373329;Arrifes;Arrifes;Arrafes,Arrifes;P;PPL;PT;Portugal;;23;4203;420301;;6981;;193;Atlantic/Azores;2012-01-17;Portugal;37.76667, -25.7
3372691;Ribeirinha;Ribeirinha;;P;PPL;PT;Portugal;;23;4301;430112;;2684;;171;Atlantic/Azores;2018-03-01;Portugal;38.66203, -27.18093
3372709;Ribeira Grande;Ribeira Grande;QEG,Ribeira Grande,Ribejra-Grande,Ribejra-Grandi,da li bei la,hibeilageulandeu,ribeira-grande,rybyra ghrandy,rybyra grandh,Рибейра-Гранди,Рібейра-Гранде,ريبيرا غراندي,ریبیرا گرانده,რიბეირა-გრანდე,大里貝拉,히베이라그란드;P;PPL;PT;Portugal;;23;4205;420510;;3968;;27;Atlantic/Azores;2018-04-15;Portugal;37.82175, -25.52141
3372760;Praia da Vitória;Praia da Vitoria;Praia,Praia da Victoria,Praia da Vitoria,Praia da Vitória,Vila da Praia da Victoria,Vila da Praia da Vitoria,Vila da Praia da Vitória;P;PPL;PT;Portugal;;23;4302;430207;;6061;;26;Atlantic/Azores;2020-06-10;Portugal;38.73333, -27.06667
3373099;Fajã de Baixo;Faja de Baixo;Faja de Baixo,Fajã de Baixo;P;PPL;PT;Portugal;;23;4203;420314;;4915;;37;Atlantic/Azores;2012-01-17;Portugal;37.75, -25.65
2628020;Neskaupstaður;Neskaupstadur;NOR,Nehskjojpstadur,Nes,Neskaupstad,Neskaupstadar,Neskaupstadhur,Neskaupstadur,Neskaupstað,Neskaupstaðar,Neskaupstaður,Neskejpstadir,Neskjojpstadjur,Neskjojpstadzjur,Neskoipstaduras,Neskojpstadur,nei si ke yi si ta ze,neseukoeipeuseutadwileu,nesukoipusutazuru,Нескејпстадир,Нескойпстадур,Нескёйпстадзюр,Нескёйпстадюр,Нэскёйпстадур,נסקאופסטדור,ネスコイプスタズル,內斯克伊斯塔澤,네스쾨이프스타뒤르;P;PPL;IS;Iceland;;38;7300;;;1481;;1;Atlantic/Reykjavik;2022-01-14;Iceland;65.14819, -13.68368
2633274;Akureyri;Akureyri;AEY,Agireiri,Akirejri,Akjurehjry,Akjurejri,Akourefri,Akuereyri,Akureiris,Akurejri,Akureyrar,Akureyrarbaer,Akureyrarbær,Akureyri,Aküreyri,a ke lei li,akuleili,akureiri,akwryry,Άκουρεϋρι,Акирејри,Акурейрі,Акюрейри,Акюрэйры,Աքուրեյրի,אקוריירי,أكوريري,აკურეირი,アークレイリ,阿克雷里,아쿠레이리;P;PPLA;IS;Iceland;;40;6000;;;19219;;-9999;Atlantic/Reykjavik;2024-07-10;Iceland;65.68353, -18.0878
13353870;Southampton Parish;Southampton Parish;;P;PPLL;BM;Bermuda;;10;;;;6633;;1;Atlantic/Bermuda;2025-06-02;Bermuda;32.25164, -64.85474
2513026;Pájara;Pajara;Pajara,Pájara;P;PPLA3;ES;Spain;;53;GC;35015;;20821;;213;Atlantic/Canary;2019-09-16;Spain;28.35039, -14.1076
2513476;Moya;Moya;Moya;P;PPLA3;ES;Spain;;53;GC;35013;;7492;;487;Atlantic/Canary;2019-02-18;Spain;28.11106, -15.58285
2517350;Garachico;Garachico;Garachico,Garachiko,Garachiro,Гарачико;P;PPLA3;ES;Spain;;53;TF;38015;;6000;;19;Atlantic/Canary;2012-03-04;Spain;28.37365, -16.76342
2519217;Corralejo;Corralejo;Corralejo,Koral'ekho,QFU,ke la lai huo,korarehho,Коральехо,コラレッホ,科拉莱霍;P;PPL;ES;Spain;;53;GC;35014;;13618;;14;Atlantic/Canary;2014-03-11;Spain;28.73079, -13.86749
3370903;Jamestown;Jamestown;Ceymstaun,Dzeimstauna,Dzeimstaunas,Dzejmstaun,Dzhehjmstaun,Dzhejmstaun,Džeimstauna,Džeimstaunas,HLE,Iacobopolis,Jamestauno,Jamestown,Tzeimstaoun,Zhejmstaun,cems thawn,jeimseutaun,jemsata'una,jemstavun,jemuzutaun,jyms tawn,jymz ٹawn  synٹ ہlyna,jymztawn  synt hlyna,zhan mu si dui,Ĵamestaŭno,Τζέιμσταουν,Џејмстаун,Джеймстаун,Джэймстаўн,Жеймстаун,גיימסטאון,דזשיימסטאן,جيمس تاون,جیمز ٹاون، سینٹ ہلینا,جیمزتاون، سینت هلینا,جیمزٹاؤن,جەیمستاون,जेम्सटाउन,ஜேம்ஸ்டவுன்,เจมส์ทาวน์,ჯეიმზტაუნი,ジェームズタウン,詹姆斯敦,제임스타운;P;PPLC;SH;Saint Helena;;02;;;;637;10;256;Atlantic/St_Helena;2024-03-04;Saint Helena;-15.92488, -5.71816
2509617;Vilaflor;Vilaflor;Vilaflor,Villaflor;P;PPLA3;ES;Spain;;53;TF;38052;;1981;;1364;Atlantic/Canary;2012-03-04;Spain;28.15623, -16.63592
2509841;Valverde;Valverde;VDE,Val'verde,Valverde del Hierro,Вальверде;P;PPLA3;ES;Spain;;53;TF;38048;;5000;;603;Atlantic/Canary;2023-02-19;Spain;27.80628, -17.91578
2511202;Santa Brígida;Santa Brigida;Santa Brigida,Santa Brígida;P;PPLA3;ES;Spain;;53;GC;35021;;18314;;499;Atlantic/Canary;2025-07-29;Spain;28.03197, -15.50425
2511327;San Juan de la Rambla;San Juan de la Rambla;Juan de Rambla,San Juan de Rambla,San Juan de la Rambla;P;PPL;ES;Spain;;53;TF;38034;;5007;;99;Atlantic/Canary;2022-11-28;Spain;28.39276, -16.65015
2520283;Candelaria;Candelaria;Cancelaria,Candelaria,Kandelaria,Kandelarii,Kandelarija,kan de la li ya,kanderaria,kandylarya  santa krwth dy tynyryfh,Κανδελάρια,Канделарии,Канделария,Канделарія,קאנדלאריה,كانديلاريا، سانتا كروث دي تينيريفه,カンデラリア,坎德拉里亚;P;PPLA3;ES;Spain;;53;TF;38011;;24319;;36;Atlantic/Canary;2012-03-04;Spain;28.3548, -16.37268
2521521;Artenara;Artenara;Artenara;P;PPLA3;ES;Spain;;53;GC;35005;;1565;;1235;Atlantic/Canary;2012-03-04;Spain;28.02055, -15.64693
2263432;Santo António;Santo Antonio;Santo Antonio,Santo António;P;PPL;PT;Portugal;;10;3103;310305;;25940;;234;Atlantic/Madeira;2024-03-29;Portugal;32.66138, -16.93482
2268382;Fajã da Ovelha;Faja da Ovelha;Faia da Ovelha,Faja da Ovelha,Fajã da Ovelha,Fazhan-da-Ovel'ja,Фажан-да-Овелья;P;PPL;PT;Portugal;;10;3101;310104;;1016;;480;Atlantic/Madeira;2011-09-04;Portugal;32.77457, -17.23412
3372472;Vila Franca do Campo;Vila Franca do Campo;Vila Franca do Campo,Villa Franca do Campo;P;PPL;PT;Portugal;;23;4206;420604;;5035;;11;Atlantic/Azores;2022-02-25;Portugal;37.71603, -25.43225
3372701;Ribeira Seca;Ribeira Seca;Ribeira Seca;P;PPL;PT;Portugal;;23;4206;420606;;1106;;61;Atlantic/Azores;2023-09-28;Portugal;37.722, -25.41791
3373070;Feteira;Feteira;Feteira,Fetejra,Фетейра;P;PPL;PT;Portugal;;23;4301;430108;;1239;;167;Atlantic/Azores;2018-03-01;Portugal;38.65429, -27.14995
2629833;Norðurþing;Nordurthing;HZK,Husavik,Husavikur,Husayik,Húsavík,Húsavíkur,Khusavik,Nordurthing,Norðurþing,Хусавик;P;PPL;IS;Iceland;;40;6100;;;2228;;58;Atlantic/Reykjavik;2020-09-18;Iceland;66.04148, -17.33834
3415496;Keflavík;Keflavik;Keblavik,Keblavikas,Keflavik,Keflavika,Keflavikur,Keflavík,Keflavíkur,Keflavīka,Kephlabik,Keplavik,kai fu la wei ke,kepeullabikeu,kepuravuiku,kyflafyk,Κεφλαβίκ,Кеблавик,Кеплавик,Кеплавік,Кефлавик,Кефлавік,Կեֆլավիկ,קפלאוויק,كيفلافيك,კებლავიკი,ケプラヴィーク,凯夫拉维克,케플라비크;P;PPLA;IS;Iceland;;43;2000;;;15930;;5;Atlantic/Reykjavik;2023-02-09;Iceland;64.00492, -22.56242
2615132;Porkeri;Porkeri;Porkere,Porkeri;P;PPLA2;FO;Faeroe Islands;;SU;48;;;396;;-9999;Atlantic/Faroe;2020-02-12;Faeroe Islands;61.48135, -6.74497
2624653;Argir;Argir;Ardzhir,Arge,Argir,Argiras,Arnkir,a ji er,Άργκιρ,Аргир,Арджир,阿吉爾;P;PPL;FO;Faeroe Islands;;ST;29;;;2504;;75;Atlantic/Faroe;2023-01-03;Faeroe Islands;61.99595, -6.77154
2268418;Estreito de Câmara de Lobos;Estreito de Camara de Lobos;Estreito de Camara de Lobos,Estreito de Câmara de Lobos;P;PPL;PT;Portugal;;10;3102;310201;;9348;;408;Atlantic/Madeira;2024-03-29;Portugal;32.6612, -17.00014
3415667;Ísafjörður;Isafjoerdur;IFJ,Isaf'ordjur,Isafijordur,Isafiordour,Isafiordr,Isafirdi,Isafjardar,Isafjardardjup,Isafjerdir,Isafjoerd,Isafjoerdur,Isafjorduer,Isafjordur,Isafjorduras,Isafjordür,Isafyorduer,Issafjordur,Issafjörður,aysafjrwyr,aysafywrdr,isafiyoruzuuru,isapioeleudwileu,isapiorduri,yi sa fei e ze,Ísafirði,Ísafjardardjup,Ísafjarðar,Ísafjörð,Ísafjörður,İsafyordür,Ίσαφιορδουρ,Ісафьордюр,Ісафіёрдур,Исафьордюр,Исафјердир,איסאפיירדור,ایسافجرویر,ایسافیوردر,ისაფიორდური,イーサフィヨルズゥル,伊萨菲厄泽,이사피외르뒤르;P;PPLA;IS;Iceland;;44;4200;;;2736;;1;Atlantic/Reykjavik;2025-03-18;Iceland;66.07475, -23.13498
2510582;Tazacorte;Tazacorte;Tasakorte,Tazacorte,Villa y Puerto de Tazacorte,ta sa ke er te,tathakwrty,Тасакорте,تاثاكورتي,塔萨科尔特;P;PPLA3;ES;Spain;;53;TF;38045;;5670;;111;Atlantic/Canary;2017-12-27;Spain;28.64186, -17.93394
2511350;Playa de San Juan;Playa de San Juan;Playa San Juan;P;PPL;ES;Spain;;53;TF;38019;;7036;;17;Atlantic/Canary;2020-02-21;Spain;28.18159, -16.81689
2515772;La Matanza de Acentejo;La Matanza de Acentejo;La Matanza de Acentejo,La-Matansa-de-Asentekho,la ma tan sa de ya sen te huo,la matansa d asntkhw,la mtantha dy athyntykhw,Ла-Матанса-де-Асентехо,لا ماتانزا دے اسنتیجو,لا ماتانسا د آسنتخو,لا متانثا دي أثينتيخو,拉马坦萨德亚森特霍;P;PPLA3;ES;Spain;;53;TF;38025;;7709;;515;Atlantic/Canary;2012-03-04;Spain;28.45242, -16.4472
6949575;Stadtzentrum;Stadtzentrum;city center;P;PPLX;ES;Spain;;53;GC;35016;;88546;;18;Atlantic/Canary;2024-03-29;Spain;28.1272, -15.4314
2610343;Vestmanna;Vestmanna;Vestmana,Vestmanhavn,Vestmanna,Vestmannae,Vestmannahoefn,Vestmannahöfn,Vestmanshavn,Vestnanhavn,wei si te man na,Βέστμανα,Вестмана,Вестманнæ,Вестманна,Վեստմանա,韦斯特曼纳;P;PPL;FO;Faeroe Islands;DK;ST;28;;;1268;;142;Atlantic/Faroe;2023-01-03;Faeroe Islands;62.15354, -7.17291
2618795;Klaksvík;Klaksvik;Klakksvik,Klakksvík,Klaksvig,Klaksvik,Klaksvikas,Klaksvujk,Klaksvík,ke la ke si wei ke,klaksvyk,klakswyk,kurakusuvuiku,Клаксвик,Клаксвуйк,Клаксвік,Քլակսվուիկ,קלאקסוויק,كلاكسويك,كلاكسڤيك,კლაქსვიკი,クラクスヴィーク,克拉克斯维克;P;PPLA;FO;Faeroe Islands;DK;NO;5;;;5013;;88;Atlantic/Faroe;2022-08-13;Faeroe Islands;62.22655, -6.58901
2510542;Telde;Telde;Tel'de,Telde,te er de,tyldy,Телде,Тельде,تيلدي,特尔德;P;PPLA3;ES;Spain;;53;GC;35026;;123265;;160;Atlantic/Canary;2025-07-28;Spain;27.99243, -15.41915
2514353;Mácher;Macher;Macher,Mácher,Мачер;P;PPL;ES;Spain;;53;GC;35028;;1065;;198;Atlantic/Canary;2018-11-04;Spain;28.9484, -13.69117
2516443;Ingenio;Ingenio;Carrizal de Ingenio,Ingenio;P;PPLA3;ES;Spain;;53;GC;35011;;29319;;266;Atlantic/Canary;2025-01-22;Spain;27.91855, -15.43433
6355013;Puerto del Carmen;Puerto del Carmen;Puehrto-del'-Karmen,Puerto del Carmen,Пуэрто-дель-Кармен;P;PPL;ES;Spain;;53;GC;35028;;30000;;44;Atlantic/Canary;2015-06-10;Spain;28.92313, -13.66579
6355214;Las Rosas;Las Rosas;;P;PPLX;ES;Spain;;53;TF;38006;;2000;;20;Atlantic/Canary;2007-03-11;Spain;28.01539, -16.65373
2263496;Santa Maria Maior;Santa Maria Maior;Santa Maria Maior;P;PPL;PT;Portugal;;10;3103;310304;;11768;;100;Atlantic/Madeira;2024-09-04;Portugal;32.64838, -16.89087
2263905;Ribeira Brava;Ribeira Brava;Ribeira Brava,Ribeira Mpraba,Ριβέιρα Μπράβα;P;PPL;PT;Portugal;;10;3107;310702;;5932;;25;Atlantic/Madeira;2018-03-01;Portugal;32.67483, -17.06288
2270273;Canhas;Canhas;Canhas;P;PPL;PT;Portugal;;10;3105;310503;;3769;;272;Atlantic/Madeira;2024-02-01;Portugal;32.69465, -17.1127
2613921;Skálavík;Skalavik;Skaalevig,Skalavik,Skalevig,Skálavík,Skålevig;P;PPLA2;FO;Faeroe Islands;;SA;41;;;171;;12;Atlantic/Faroe;2019-04-29;Faeroe Islands;61.83141, -6.6623
2627309;Sauðárkrókur;Saudarkrokur;SAK,Saudarkrok,Saudarkroki,Saudarkrokr,Saudarkroks,Saudarkrokur,Saudharkrokur,Sauðarkrokur,Sauðárkrók,Sauðárkróki,Sauðárkróks,Sauðárkrókur,soizaurukuroukuru,ソイザウルクロウクル;P;PPLA;IS;Iceland;;41;5200;;;2614;;1;Atlantic/Reykjavik;2025-03-18;Iceland;65.74611, -19.63944
3417972;Álftanes;Alftanes;Al'ftanes,Alftanes,Alftanesi,Aul'ftanes,Aulftanes,alftans,ao er ta nei si,aulpeutaneseu,aurutanesu,Álftanes,Álftanesi,Альфтанес,Аулфтанес,Аульфтанес,אאולפטאנס,آلفتانس,アゥルタネース,奧爾塔內斯,아울프타네스;P;PPL;IS;Iceland;;39;1300;;;2392;;-9999;Atlantic/Reykjavik;2019-09-05;Iceland;64.1, -22.01667
11258566;Borgarnes;Borgarnes;;P;PPL;IS;Iceland;;45;3609;;;1875;;14;Atlantic/Reykjavik;2022-01-15;Iceland;64.56219, -21.90082
3374218;Santa Maria;Santa Maria;Santa Maria,Santa Marija,Santa-Marija,santamalia,sheng ma li ya,snth mryh,Санта-Мария,Санта-Марія,סנטה מריה,サンタ・マリア,圣玛丽亚,聖瑪麗亞,산타마리아;P;PPL;CV;Cape Verde;;08;;;;8400;;5;Atlantic/Cape_Verde;2023-11-29;Cape Verde;16.59796, -22.90509
3374221;Santa Cruz;Santa Cruz;Santa Cruz;P;PPL;CV;Cape Verde;;16;;;;9488;;11;Atlantic/Cape_Verde;2025-05-15;Cape Verde;15.13403, -23.55945
3374333;Praia;Praia;Braia,Cidade da Praia,Municipio da Praia,Município da Praia,Pragia,Praia,Praja,Praje,Prajo,Prajė,Praya,RAI,braya,pei ya,peulaia,pirxa,pra'i'a,pra'iya,praya,prayya,puraia,Πράγια,Πράια,Прая,Праја,Պրայա,פראיה,برايا,پرائا,پرائیا,پرايا,پرایا,پڕایا,प्राईया,ਪ੍ਰਾਈਆ,ไปรอา,ཕུ་ར་ཡ།,პრაია,ፕራያ,プライア,培亞,프라이아;P;PPLC;CV;Cape Verde;;14;;;;137868;0;18;Atlantic/Cape_Verde;2023-11-29;Cape Verde;14.93152, -23.51254
3573061;Saint George;Saint George;Saint George,Saint George's,Saint George's Town,Saint Georges,Saint George’s,Saint George’s Town,Sankta Georgo,Sent Dzordzas,Sent Džordžas,Sent-Dzhordzh,seinteujojiseu,sheng qiao zhi si,snt gwrgs,snt jwrj  brmwda,Сент-Джордж,סנט גורגס,سنت جورج، برمودا,سینٹ جارج، برمودا,სენტ-ჯორჯესი,セント・ジョージ,圣乔治斯,세인트조지스;P;PPL;BM;Bermuda;;06;;;;1896;;16;Atlantic/Bermuda;2012-01-18;Bermuda;32.38167, -64.67806
13353864;Devonshire Parish;Devonshire Parish;;P;PPLL;BM;Bermuda;;01;;;;7330;;1;Atlantic/Bermuda;2025-06-02;Bermuda;32.30582, -64.7575
3374235;Sal Rei;Sal Rei;Sal Rei,Sal-Rel,Vila de Sal Rei;P;PPLA;CV;Cape Verde;;01;;;;10936;;8;Atlantic/Cape_Verde;2023-11-29;Cape Verde;16.17611, -22.91722
2511070;Santiago del Teide;Santiago del Teide;Santiago,Santiago del Teide,Santiago del Teyde;P;PPLA3;ES;Spain;;53;TF;38040;;12050;;922;Atlantic/Canary;2012-03-04;Spain;28.294, -16.81618
2511401;La Laguna;La Laguna;La Laguna,La-Laguna,San Cristobal de La Laguna,San Cristóbal de La Laguna,Ла-Лагуна;P;PPL;ES;Spain;;53;TF;38023;;150661;;558;Atlantic/Canary;2019-02-27;Spain;28.4853, -16.32014
2520800;Breña Alta;Brena Alta;Brena Alta,Breña Alta;P;PPLA3;ES;Spain;;53;TF;38008;;7092;;329;Atlantic/Canary;2011-07-31;Spain;28.65, -17.78333
3374555;Igreja;Igreja;Egreja,Ereja,Igreja,Mosteiros;P;PPL;CV;Cape Verde;;13;;;;4084;;193;Atlantic/Cape_Verde;2023-11-29;Cape Verde;15.03333, -24.33333
2509408;Yaiza;Yaiza;Jaisa,Yaiza,Яиса;P;PPLA3;ES;Spain;;53;GC;35034;;16289;;168;Atlantic/Canary;2025-07-29;Spain;28.95678, -13.76535
2510558;Tejeda;Tejeda;Tekheda,te he da,tykhyda,Техеда,تيخيدا,特赫达;P;PPL;ES;Spain;;53;GC;35025;;2338;;1046;Atlantic/Canary;2015-10-19;Spain;27.99508, -15.61543
2513285;Nazaret;Nazaret;Nazaret,Назарет;P;PPL;ES;Spain;;53;GC;35024;;10000;;207;Atlantic/Canary;2018-06-08;Spain;29.03818, -13.56386
2515698;La Oliva;La Oliva;La Oliva,Oliva;P;PPL;ES;Spain;;53;GC;35014;;25884;;225;Atlantic/Canary;2021-11-01;Spain;28.61052, -13.92912
2516852;Güimar;Guimar;Guimar,Güimar;P;PPL;ES;Spain;;53;TF;38020;;17662;;278;Atlantic/Canary;2015-05-31;Spain;28.31122, -16.41276
2517598;Fuencaliente de la Palma;Fuencaliente de la Palma;Fuencaliente de la Palma,Los Canarios,fuencaliente;P;PPL;ES;Spain;;53;TF;38014;;1894;;698;Atlantic/Canary;2012-01-19;Spain;28.49236, -17.84529
2521570;Arrecife;Arrecife;ACE,Aresife,Arrecife,Аресифе;P;PPLA3;ES;Spain;;53;GC;35004;;61351;;20;Atlantic/Canary;2025-07-28;Spain;28.96302, -13.54769
6355183;Playa de las Américas;Playa de las Americas;Las Americas,Las Américas,Playa de las Americas,Playa de las Américas,las americas;P;PPL;ES;Spain;;53;TF;38001;;3000;;14;Atlantic/Canary;2020-01-17;Spain;28.06403, -16.73012
3426691;Stanley;Stanley;PSY,Port Stanley,Port Stenli,Port Stenlis,Port-Stehnli,Port-Stenli,Porto Arxentino/Stanley,Puerto Archentinas/Stenlis,Puerto Argentino,Puerto Stanley,Stanlef,Stanlejo,Stanley,Stanley Harbour,Stehnli,Stenli,Stenlis,astnly  jzayr falklnd,asٹynlے  jzayr faklynڈ,icutanli,porta stenli,seutaenli,si tan li,si tan li gang,stanly,stnly,sutanre,sutanri,Στάνλεϋ,Порт Стенли,Порт-Стенлі,Порт-Стэнли,Стенли,Стэнлі,Պորտ Սթենլի,סטאנלי,סטנלי,استنلی، جزایر فالکلند,اسٹینلے، جزائر فاکلینڈ,ستانلي,سٹینلے,पोर्ट स्टॅन्ली,இசுடான்லி,സ്റ്റാൻലി,สแตนลีย์,スタンリー,スタンレー,斯坦利,斯坦利港,스탠리;P;PPLC;FK;Falkland Islands (Malvinas);;00;;;;2213;;28;Atlantic/Stanley;2023-10-26;Falkland Islands (Malvinas);-51.69382, -57.85701
2610806;Vágur;Vagur;Vaag,Vag,Vagur,Vaguras,Voavur,Våg,Вагур,Воавур;P;PPL;FO;Faeroe Islands;DK;SU;49;;;1363;;144;Atlantic/Faroe;2023-01-03;Faeroe Islands;61.47324, -6.81185
2618119;Kunoy;Kunoy;Kounoi,Kuno,Kuno Bygd,Kunoj,Kunoy,Kunoyarbygd,Kunö,Kunö Bygd,Vostrau Kunoj,kun dao,kunoi dao,qwnwy,Κούνοϊ,Востраў Куной,Куной,קונוי,クノイ島,昆岛;P;PPLA2;FO;Faeroe Islands;;NO;6;;;70;;358;Atlantic/Faroe;2018-03-09;Faeroe Islands;62.30388, -6.64754
3413604;Selfoss;Selfoss;Arborg,Sel'fas,Sel'foss,Selfos,Selfosas,Selfoss,Selfossi,sai er fu si,selaphasa,selposeu,serufosu,slfws,slpws,sylfws,Árborg,Σέλφος,Селфос,Сельфас,Сельфосс,סלפוס,سلفوس,سیلفوس,সেলফস,セールフォス,塞尔福斯,셀포스;P;PPLA;IS;Iceland;;42;8200;;;9000;;16;Atlantic/Reykjavik;2023-02-09;Iceland;63.93311, -20.99712
3413727;Sandgerði;Sandgerdi;Sandgerdi,Sandgerdis,Sandgerði,Sandgerðis,Sangerdhi;P;PPL;IS;Iceland;;43;2507;;;1546;;12;Atlantic/Reykjavik;2020-11-29;Iceland;64.03762, -22.70799
2264557;Ponta do Sol;Ponta do Sol;Ponta do Sol,Ponta nto Sol,Πόντα ντο Σολ;P;PPL;PT;Portugal;;10;3105;310503;;4235;;76;Atlantic/Madeira;2017-09-27;Portugal;32.6798, -17.1
2270258;Caniço;Canico;Canico,Caniço;P;PPLA3;PT;Portugal;;10;3108;310803;;23368;;216;Atlantic/Madeira;2019-10-10;Portugal;32.65078, -16.83749
3372562;Nordeste;Nordeste;Nossa Senhora Rosario,Senhora do Rosario,Senhora do Rosário,Senhora do Rozario;P;PPL;PT;Portugal;;23;4202;420204;;4937;;171;Atlantic/Azores;2025-09-16;Portugal;37.83333, -25.15
3372781;Ponta Garça;Ponta Garca;Ponta Garca,Ponta Garça,Ponta da Garca;P;PPL;PT;Portugal;;23;4206;420602;;3547;;85;Atlantic/Azores;2020-06-10;Portugal;37.71667, -25.36667
3372863;Mosteiros;Mosteiros;Mosteiros;P;PPL;PT;Portugal;;23;4203;420311;;1123;;6;Atlantic/Azores;2023-10-24;Portugal;37.89324, -25.82059
3372952;Lajes;Lajes;Lagens,Lajens,Lajes,TER;P;PPL;PT;Portugal;;23;4302;430206;;3744;;67;Atlantic/Azores;2018-03-15;Portugal;38.76352, -27.10336
3372953;Lajes;Lajes;Lagens,Lagens do Pico,Lages-do-Pico,Lajes,Lajes do Pico,Villa das Lagens;P;PPL;PT;Portugal;;23;4601;460102;;4711;;8;Atlantic/Azores;2018-05-17;Portugal;38.39529, -28.2522
3418076;Borgarnes;Borgarnes;Borganes,Borgarbyggd,Borgarbyggð,Borgarnes,Borgarnesas,Borgarnesi,Borqarnes,bo er jia nei si,boleugaleuneseu,borgarnesi,borugarunesu,Боргарнес,Борґарнес,Բորգարնես,ბორგარნესი,ボルガルネース,博尔加内斯,보르가르네스;P;PPLA;IS;Iceland;;45;3609;;;1875;;1;Atlantic/Reykjavik;2023-02-09;Iceland;64.53834, -21.92064
3374117;Nova Sintra;Nova Sintra;Nova Sintra,Vila Nova Cinteus,Vila Nova Sintra,Vila de Nova Cintra,Vila de Nova Sintra;P;PPLA;CV;Cape Verde;;02;;;;2225;;496;Atlantic/Cape_Verde;2023-11-29;Cape Verde;14.87139, -24.69556
3374794;Calheta;Calheta;;P;PPLA;CV;Cape Verde;;19;;;;6329;;7;Atlantic/Cape_Verde;2023-11-29;Cape Verde;15.18613, -23.59228
13353871;Sandys Parish;Sandys Parish;;P;PPLL;BM;Bermuda;;08;;;;7653;;1;Atlantic/Bermuda;2025-06-02;Bermuda;32.29637, -64.86931
2511180;Santa Cruz de la Palma;Santa Cruz de la Palma;SPC,Santa Cruz de La Palma,Santa Cruz de la Palma,Santa-Krus-de-la-Pal'ma,Санта-Крус-де-ла-Пальма;P;PPL;ES;Spain;;53;TF;38037;;15674;;18;Atlantic/Canary;2021-11-01;Spain;28.68351, -17.76421
2511440;San Bartolomé de Tirajana;San Bartolome de Tirajana;San Bartolome Tirajana,San Bartolome de Tirajana,San Bartolomé Tirajana,San Bartolomé de Tirajana;P;PPL;ES;Spain;;53;GC;35019;;53588;;902;Atlantic/Canary;2021-11-01;Spain;27.92481, -15.57329
2521706;Antigua;Antigua;La Antigua;P;PPLA3;ES;Spain;;53;GC;35003;;11948;;263;Atlantic/Canary;2025-07-29;Spain;28.42307, -14.01379
3426466;Grytviken;Grytviken;Gritviken,Griutvikenas,Grjutviken,Grutviken,Grytviken,Qryotviken,geuliteubiken,gritavikena,grytwwyqn,gu li de wei ken,guritobiken,krit wi khen,Грутвикен,Грутвікен,Грютвикен,Грютвікен,גריטוויקן,ग्रिटविकेन,กริตวีเคน,グリトビケン,古利德維肯,그리트비켄;P;PPLC;GS;;GB;00;;;;2;;4;Atlantic/South_Georgia;2018-07-15;;-54.28111, -36.5092
2619693;Hoyvík;Hoyvik;Gojvik,Hojvig,Hojvikas,Hoyvig,Hoyvik,Hoyvík,Höjvig,Khojvik,Khojvujk,Гойвік,Хойвуйк,Хойвік,ჰოივიკი;P;PPL;FO;Faeroe Islands;DK;ST;29;;;4618;;76;Atlantic/Faroe;2023-01-03;Faeroe Islands;62.03407, -6.78127
2621808;Fuglafjørður;Fuglafjordur;Fuglaf'jorur,Fuglaf'ordur,Fuglafjoerdur,Fuglafjordur,Fuglafjorduras,Fuglafjörður,Fuglafjørður,Fuglefiord,Fuglefjord,Vjoska Fuglafijordur,Вёска Фуглафіёрдур,Фуглафьордур,Фуглафьёрур;P;PPLA;FO;Faeroe Islands;DK;OS;;;;1542;;30;Atlantic/Faroe;2018-07-15;Faeroe Islands;62.24398, -6.81395
2261658;Vila Baleira;Vila Baleira;Vila Baleira,Vila de Porto Santo;P;PPLA2;PT;Portugal;;10;3201;320101;;0;;11;Atlantic/Madeira;2024-12-09;Portugal;33.05919, -16.33371
3372769;Porto Martins;Porto Martins;Porto Martins;P;PPL;PT;Portugal;;23;4302;430211;;1001;;10;Atlantic/Azores;2018-05-21;Portugal;38.68146, -27.05835
2619734;Hov;Hov;Hov,Hove;P;PPLA2;FO;Faeroe Islands;;SU;47;;;149;;34;Atlantic/Faroe;2019-04-29;Faeroe Islands;61.50684, -6.75993
3416706;Hafnarfjörður;Hafnarfjoerdur;Chafnarfiordour,Gapnarfjordur,Habnarfjorduras,Habnarfyordyur,Hafnarfirdi,Hafnarfirði,Hafnarfjardar,Hafnarfjardarkaupstadur,Hafnarfjarðar,Hafnarfjarðarkaupstaður,Hafnarfjoerdur,Hafnarfjordur,Hafnarfjörður,Halfnarfjordur,Halfnarfjorður,Khabnarf'ordjur,Khabnarfijordur,Khabnarfjerdir,Khapnarf'ordjur,ha fu na fu yue du er,habnarpiorduri,hafnarfywrdwr,hafunarufiyoruzuuru,hapeunaleupioeleudwileu,hpnrpyyrdyr,Χαφναρφιόρδουρ,Гапнарфйордур,Хабнарфьордюр,Хабнарфіёрдур,Хабнарфјердир,Хапнарфьордюр,Հաբնարֆյորդյուր,הפנרפיירדיר,هافنارفيوردور,ჰაბნარფიორდური,ハフナルフィヨルズゥル,哈夫纳夫约杜尔,하프나르피외르뒤르;P;PPL;IS;Iceland;;39;1400;;;29971;;39;Atlantic/Reykjavik;2022-10-03;Iceland;64.0671, -21.93774
3418653;Akranes;Akranes;Akranes,Akranesas,Akranesi,Akraneskaupstadur,Akraneskaupstaður,Skipaskagi,a ke la nei si,akeulaneseu,akuranesu,Ακρανές,Акранес,אקרנס,აკრანესი,アクラネース,阿克拉内斯,아크라네스;P;PPLA2;IS;Iceland;;45;3000;;;7411;;8;Atlantic/Reykjavik;2023-01-13;Iceland;64.32179, -22.0749
3374165;Tarrafal de São Nicolau;Tarrafal de Sao Nicolau;Tarrafal;P;PPLA;CV;Cape Verde;;27;;;;4371;;4;Atlantic/Cape_Verde;2023-11-29;Cape Verde;16.56622, -24.35793
3374210;São Filipe;Sao Filipe;Luz,SFL,Saint Philip,Sao Filipe,São Filipe,Vila de Sao Filippe,Vila de São Filippe,sheng fei li pu xian,聖菲利普縣;P;PPLA;CV;Cape Verde;;18;;;;10097;40;103;Atlantic/Cape_Verde;2023-11-29;Cape Verde;14.8961, -24.49556
2520069;Carrizal;Carrizal;Carrizal de Ingenio,El Carrizal;P;PPL;ES;Spain;;53;GC;35011;;22000;;84;Atlantic/Canary;2016-10-08;Spain;27.91161, -15.40558
2521309;Barlovento;Barlovento;;P;PPLA3;ES;Spain;;53;TF;38007;;2334;;575;Atlantic/Canary;2012-02-15;Spain;28.82708, -17.80377
2611396;Tórshavn;Torshavn;Havn,THorshoefn,THunreshaefen,Thori Portus,Thorshavn,Torsavno,Torschavn,Torsgavn,Torshamn,Torshaunas,Torshavn,Torshgavn,Torshkhavn,Torskhaun,Torskhavn,Torŝavno,Tourshavna,Touršhavna,Tórshavn,lei shen gang,thosa'una,thxrs hea n,toleuseuhaun,tosuhaun,tuo er si gang,twshhafn,twshhawn,tۆrshawn,Þunreshæfen,Þórshöfn,Τόρσχαβν,Торсгавн,Торсхавн,Торсхаўн,Торшгавн,Торшхавн,Տորսհավն,טורסהאבן,تورشھاون,توشهافن,توشهاون,تۆرشاون,ਥੋਸ਼ਾਊਨ,ทอร์สเฮาน์,ტორსჰავნი,トースハウン,托爾斯港,雷神港,토르스하운;P;PPLC;FO;Faeroe Islands;DK;ST;29;;;13200;;1;Atlantic/Faroe;2024-01-07;Faeroe Islands;62.00973, -6.77164
2613477;Skúvoy;Skuvoy;Skuo,Skuo Bygd,Skuvoy,Skuvoyarbygd,Skuö,Skuö Bygd,Skúvoy,Skúvoyarbygd;P;PPLA2;FO;Faeroe Islands;;SA;43;;;53;;20;Atlantic/Faroe;2019-04-29;Faeroe Islands;61.77103, -6.80501
2270408;Calheta;Calheta;Calheta,Kal'eta,ka lie ta,kallyeta,qlyyth,Кальета,Кальєта,קלייטה,卡列塔,칼례타;P;PPL;PT;Portugal;;10;3101;310102;;1618;;287;Atlantic/Madeira;2023-01-20;Portugal;32.72753, -17.17893
3372588;São Sebastião;Sao Sebastiao;;P;PPL;PT;Portugal;;23;4301;430119;;2096;;155;Atlantic/Azores;2018-03-01;Portugal;38.66584, -27.08976
3372643;Santa Cruz das Flores;Santa Cruz das Flores;FLW,Santa Cruz,Santa Cruz Flores,Santa Cruz das Flores,Santa Kruz das Floresas,Santa Kruz das Florešas,Santa-Krush-dash-Florish,Vila de Santa Cruz,santakeuluseudaseupeulloleuseu,sheng ke lu shen da shen fu luo li shen,Санта-Круш-даш-Флориш,聖克魯什達什弗洛里什,산타크루스다스플로르스;P;PPLA2;PT;Portugal;;23;4802;480204;;1725;;27;Atlantic/Azores;2020-10-23;Portugal;39.45782, -31.12989
3372770;Porto Judeu;Porto Judeu;Port Judea,Porto Judeu;P;PPL;PT;Portugal;;23;4301;430109;;2501;;23;Atlantic/Azores;2018-03-01;Portugal;38.64814, -27.11944
3415761;Hveragerði;Hveragerdi;Hveragerdi,Hveragerdis,Hveragerdisbaer,Hveragerði,Hveragerðis,Hveragerðisbær,kuberageruji,kuvuerageruji,クベラゲルジ,クヴェラゲルジ;P;PPL;IS;Iceland;;42;8716;;;2288;;53;Atlantic/Reykjavik;2016-12-03;Iceland;64.00039, -21.18602
2264440;Porto da Cruz;Porto da Cruz;Porto da Cruz;P;PPL;PT;Portugal;;10;3104;310404;;2597;;220;Atlantic/Madeira;2018-03-01;Portugal;32.76667, -16.83333
2268746;Curral das Freiras;Curral das Freiras;Curral das Freiras,Kurral-dash-Frejrash,Куррал-даш-Фрейраш;P;PPL;PT;Portugal;;10;3102;310202;;1673;;435;Atlantic/Madeira;2011-09-04;Portugal;32.72029, -16.96993
2270361;Campanário;Campanario;Campanario,Campanário;P;PPL;PT;Portugal;;10;3107;310701;;3987;;234;Atlantic/Madeira;2011-10-21;Portugal;32.66578, -17.03576
3373269;Cabouco;Cabouco;Cabouco;P;PPL;PT;Portugal;;23;4201;420102;;1921;;184;Atlantic/Azores;2018-01-31;Portugal;37.76667, -25.56667
3416888;Grindavík;Grindavik;Grindavik,Grindavikas,Grindavikur,Grindavikurbaer,Grindavík,Grindavíkur,Grindavíkurbær,Gryndavik,ge lin da wei ke,geulindabikeu,gurindavuiku,Гриндавик,Грындавік,Ґріндавік,グリンダヴィーク,格林达维克,그린다비크;P;PPL;IS;Iceland;;43;2300;;;2856;;1;Atlantic/Reykjavik;2019-09-05;Iceland;63.83849, -22.43931
8643948;Laugar;Laugar;Laugar,Reykjadalur;P;PPL;IS;Iceland;;40;6612;;;1001;;40;Atlantic/Reykjavik;2025-01-28;Iceland;65.72159, -17.37352
2511287;San Miguel De Abona;San Miguel De Abona;San Miguel De Abona;P;PPL;ES;Spain;;53;TF;38035;;16179;;601;Atlantic/Canary;2015-12-04;Spain;28.09826, -16.61708
2512465;Playa Blanca;Playa Blanca;Plagia Blan'ka,Plajja Blanka,Playa Blanca,QLY,alsht alabyd,spiaggia di Blanca,Πλάγια Μπλάνκα,Плайя Бланка,الشط الابيض,プラジャ・ブランカ;P;PPL;ES;Spain;;53;GC;35034;;10000;;16;Atlantic/Canary;2015-08-25;Spain;28.86426, -13.82814
2521519;Arucas;Arucas;Arucas,Arukas,Арукас;P;PPLA3;ES;Spain;;53;GC;35006;;36259;;280;Atlantic/Canary;2012-03-04;Spain;28.11983, -15.52325
2521692;Arafo;Arafo;Arafo,Arato;P;PPLA3;ES;Spain;;53;TF;38004;;5375;;500;Atlantic/Canary;2012-03-04;Spain;28.33971, -16.42244
3374336;Porto Novo;Porto Novo;Carvoeiros,Vila do Porto Novo,Vila do Pôrto Novo,alto de peixim;P;PPLA;CV;Cape Verde;;21;;;;11138;;9;Atlantic/Cape_Verde;2023-11-29;Cape Verde;17.01969, -25.06471
2510573;Teguise;Teguise;Teguise;P;PPLA3;ES;Spain;;53;GC;35024;;19418;;286;Atlantic/Canary;2012-03-04;Spain;29.06049, -13.56397
2511091;Santa Úrsula;Santa Ursula;Santa Ursula,Santa Úrsula;P;PPLA3;ES;Spain;;53;TF;38039;;14013;;283;Atlantic/Canary;2012-03-04;Spain;28.42613, -16.48876
2512144;Puntagorda;Puntagorda;;P;PPLA3;ES;Spain;;53;TF;38029;;1659;;682;Atlantic/Canary;2015-06-25;Spain;28.7749, -17.97741
2614265;Sandavágur;Sandavagur;Sadevaag,Sandavagur,Sandavaguras,Sandavoavur,Sandavágur,Sandevaag,Sandevag,Sandevåg,Сандавоавур;P;PPLA2;FO;Faeroe Islands;;VG;34;;;779;;38;Atlantic/Faroe;2019-04-29;Faeroe Islands;62.05372, -7.14982
2516474;Icod de los Vinos;Icod de los Vinos;Icod,Icod de los Vinos,Ikod-de-los-Vinos,akwd dy lws fynws,aykd d ls byns,yi ke de luo si wei nuo si,Ікод-де-лос-Вінос,Икод-де-лос-Винос,إكود دي لوس فينوس,ایکد د لس بینس,伊科德洛斯维诺斯;P;PPLA3;ES;Spain;;53;TF;38022;;24024;;219;Atlantic/Canary;2012-03-04;Spain;28.37241, -16.71188
3372583;São Vicente;Sao Vicente;Sao Vicente,Sao Vicente Ferreira,São Vicente,São Vicente Ferreira;P;PPL;PT;Portugal;;23;4203;420321;;2361;;108;Atlantic/Azores;2018-03-01;Portugal;37.81829, -25.66583
3372707;Ribeira Grande;Ribeira Grande;Ribeira Grande;P;PPL;PT;Portugal;;23;;;;5198;;-9999;Atlantic/Azores;2018-12-04;Portugal;38.51667, -28.7
3373200;Castelo Branco;Castelo Branco;Castello Branco,Castelo Branco;P;PPL;PT;Portugal;;23;4701;470102;;1309;;47;Atlantic/Azores;2018-03-01;Portugal;38.52198, -28.71365
3373347;Angústias;Angustias;Angushtiash,Angustias,Angústias,Ангуштиаш;P;PPL;PT;Portugal;;23;4701;470106;;2418;;15;Atlantic/Azores;2018-03-15;Portugal;38.52547, -28.63132
3415720;Hvolsvöllur;Hvolsvoellur;Hvolsvallar,Hvolsvelli,Hvolsvoell,Hvolsvoellur,Hvolsvollur,Hvolsvöll,Hvolsvöllur,Khvol'svjodlur,Rangarthing eystra,Rangárþing eystra,huo er si wo de lu er,keubolseuboedeullwileu,kuvuorusuvuoruru,Хвольсвёдлур,クヴォルスヴォールル,霍爾斯沃德呂爾,크볼스뵈들뤼르;P;PPL;IS;Iceland;;42;8613;;;1036;;46;Atlantic/Reykjavik;2022-01-14;Iceland;63.75069, -20.22454
2270843;Boaventura;Boaventura;Boaventura;P;PPL;PT;Portugal;;10;3110;311001;;1221;;252;Atlantic/Madeira;2018-03-01;Portugal;32.81846, -16.97268
3372677;Rosto de Cão;Rosto de Cao;Rosto de Cao,Rosto de Cão,Rosto do Cao,Rosto do Cão;P;PPL;PT;Portugal;;23;4203;420314;;7880;;1;Atlantic/Azores;2025-05-01;Portugal;37.74447, -25.64049
3372767;Povoação;Povoacao;Povoacao,Povoacao do Campo,Povoação;P;PPL;PT;Portugal;;23;4204;420405;;2161;;81;Atlantic/Azores;2020-06-10;Portugal;37.75, -25.25
3372988;Horta;Horta;HOR,Horta,Orta,ao er ta,awrta,hwrth,oleuta,Орта,הורטה,اورتا,ორტა,奧爾塔,오르타;P;PPL;PT;Portugal;;23;4701;470108;;6572;;12;Atlantic/Azores;2023-09-28;Portugal;38.53737, -28.62615
3373051;Fonte Bastardo;Fonte Bastardo;Fonte Bastardo,Fonte do Bastardo,Fonte do Bustardo;P;PPL;PT;Portugal;;23;4302;430204;;1278;;127;Atlantic/Azores;2018-05-21;Portugal;38.69201, -27.07942
3373348;Angra do Heroísmo;Angra do Heroismo;Angra,Angra do Eroizmo,Angra do Heroismas,Angra do Heroismo,Angra do Heroišmas,Angra do Heroísmo,Angra du Ehroizhmu,Angra-du-Ehroishmu,Ankra nto Eroismo,Aнгра ду Эроижму,angra dw hrwyysmw,angra-du-eroizhmu,ying xiong gang,Άγκρα ντο Ερόϊσμο,Ангра до Ероизмо,Ангра-ду-Эроишму,آنگرا دو هروئیسمو,ანგრა-დუ-ეროიჟმუ,アングラ・ド・エロイズモ,英雄港;P;PPL;PT;Portugal;;23;4301;430102;;12045;;1;Atlantic/Azores;2023-09-27;Portugal;38.6539, -27.21839
3372653;Santa Bárbara;Santa Barbara;Santa Barbara,Santa Bárbara;P;PPL;PT;Portugal;;23;4301;430113;;1274;;177;Atlantic/Azores;2018-02-27;Portugal;38.69608, -27.33907
3372901;Maia;Maia;Maia;P;PPL;PT;Portugal;;23;4205;420505;;1900;;29;Atlantic/Azores;2018-03-01;Portugal;37.83247, -25.38976
3373251;Calheta;Calheta;Calheta,Calhetas,Kal'eta,ka lie ta,kallyeta,Кальета,卡列塔,칼례타;P;PPL;PT;Portugal;;23;4501;450101;;3773;;21;Atlantic/Azores;2018-02-27;Portugal;38.60186, -28.01792
3373300;Biscoitos;Biscoitos;Biscoitos,Biscoutos,Bishkojtush,Sao Pedro Biscoutos,São Pedro Biscoutos,Бишкойтуш;P;PPL;PT;Portugal;;23;4302;430202;;1425;;176;Atlantic/Azores;2012-01-17;Portugal;38.78333, -27.25
2611060;Tvøroyri;Tvoroyri;Tvaera,Tvaeraa,Tvaora,Tvera,Tveraa,Tverå,Tvioroiris,Tvjorojri,Tvorovri,Tværaa,Tværå,Tvörovri,Твёройри;P;PPLA;FO;Faeroe Islands;DK;SU;45;;;862;;46;Atlantic/Faroe;2022-08-13;Faeroe Islands;61.55557, -6.81109
2618855;Kirkja;Kirkja;Kirke,Kirkja;P;PPLA2;FO;Faeroe Islands;;NO;1;;;31;;40;Atlantic/Faroe;2020-10-21;Faeroe Islands;62.31851, -6.31646
2514042;Maspalomas;Maspalomas;Maspalomas,ma si pa luo ma si,masuparomasu,msplwms,Маспаломас,מספלומס,マスパロマス,馬斯帕洛馬斯,马斯帕洛马斯;P;PPL;ES;Spain;;53;GC;35019;;36065;;32;Atlantic/Canary;2021-11-02;Spain;27.76056, -15.58602
2515118;La Victoria de Acentejo;La Victoria de Acentejo;La Victoria de Acentejo;P;PPL;ES;Spain;;53;TF;38051;;9040;;481;Atlantic/Canary;2021-11-02;Spain;28.43231, -16.46232
2515270;Las Palmas de Gran Canaria;Las Palmas de Gran Canaria;Kanaria Handiko Las Palmas,LPA,Las Palmas,Las Palmas de G.C.,Las Palmas de Gran Canaria,Las Palmas de Gran Kanaria,Las-Pal'mas-de-Gran-Kanarija,Laspalmasa,Laspalmaso,Les Palmes de Gran Canaria,Les Palmes de Gran Canària,Palmas,Palmas de Gran Canaria,la si pa er ma si,Лас Палмас де Гран Канариа,Лас-Пальмас-де-Гран-Канария,ラス・パルマス・デ・グラン・カナリア,拉斯帕尔马斯;P;PPLA;ES;Spain;;53;GC;35016;;383516;;122;Atlantic/Canary;2025-10-22;Spain;28.10178, -15.41573
2517717;Firgas;Firgas;Firgas;P;PPLA3;ES;Spain;;53;GC;35008;;7106;;510;Atlantic/Canary;2012-03-04;Spain;28.10711, -15.56299
3412093;Vestmannaeyjar;Vestmannaeyjar;VEY,Vestmannaehjjar,Vestmannaeyja,Vestmannaeyjar,Vestmannaeyjum,Вестманнаэйяр;P;PPL;IS;Iceland;;42;8000;;;4219;;25;Atlantic/Reykjavik;2025-03-18;Iceland;63.44273, -20.27339
8644037;Reykjanesbær;Reykjanesbaer;Reykjanesbae,Reykjanesbaejar,Reykjanesbaer,Reykjanesbar,Reykjanesbæ,Reykjanesbæjar,Reykjanesbær;P;PPL;IS;Iceland;;43;2000;;;19724;;13;Atlantic/Reykjavik;2022-10-03;Iceland;63.99813, -22.56111
3374346;Ponta do Sol;Ponta do Sol;Sol Point;P;PPL;CV;Cape Verde;;07;;;;3300;;22;Atlantic/Cape_Verde;2023-11-29;Cape Verde;17.20171, -25.09217
3374462;Mindelo;Mindelo;Mihdelo,Mindelas,Mindello,Mindelo,Mindelu,Mintelo,mindellu,mindero,ming de lu,Μιντέλο,Минделу,Мінделу,ミンデロ,明德盧,민델루;P;PPLA;CV;Cape Verde;;11;;;;69013;;44;Atlantic/Cape_Verde;2023-11-29;Cape Verde;16.89014, -24.98042
3374211;São Domingos;Sao Domingos;San-Domingos,Сан-Домингос;P;PPLA;CV;Cape Verde;;17;;;;2960;;327;Atlantic/Cape_Verde;2023-11-29;Cape Verde;15.02438, -23.5625
3573197;Hamilton;Hamilton;BDA,Chamilton,Gamil'tan,Gamil'ton,Hamilton,Hamilton pa Bermuda,Hamilton på Bermuda,Hamiltonas,Hamiltono,Khamilton,Khamiltun,amiltan,ha mi er dun,haemilteon,hamiruton,hamyltwn,hemiltana,hmyltwn,Χάμιλτον,Гамильтон,Гамільтан,Гамільтон,Хамилтон,Хамилтън,המילטון,هاميلتون,همیلتون,ہیملٹن,हॅमिल्टन,ஆமில்டன்,แฮมิลตัน,ჰამილტონი,ハミルトン,哈密尔顿,해밀턴;P;PPLC;BM;Bermuda;;03;;;;902;;22;Atlantic/Bermuda;2019-09-05;Bermuda;32.2949, -64.78303
3373377;Água de Pau;Agua de Pau;Agua de Pau,Água de Pau;P;PPL;PT;Portugal;;23;4201;420101;;3058;;105;Atlantic/Azores;2018-03-01;Portugal;37.72142, -25.5117
3414079;Ólafsvík;Olafsvik;OLI,Olafsvik,Oulafsvik,Oulafsvikas,ollapeuseubikeu,ou la fu si wei ke,Ólafsvík,Оулафсвик,Оулафсвік,Оўлафсвік,ოულაფსვიკი,歐拉夫斯維克,올라프스비크;P;PPL;IS;Iceland;;45;3714;;;1010;;-9999;Atlantic/Reykjavik;2019-09-05;Iceland;64.89429, -23.70918
2510455;Tinajo;Tinajo;Tinajo;P;PPLA3;ES;Spain;;53;GC;35029;;5228;;217;Atlantic/Canary;2012-03-04;Spain;29.06326, -13.67647
2511012;Sauzal;Sauzal;El Sauzal,Sauzal;P;PPL;ES;Spain;;53;TF;38041;;8172;;681;Atlantic/Canary;2012-01-19;Spain;28.46667, -16.41667
2517763;Fasnia;Fasnia;Fasnea,Fasnia;P;PPLA3;ES;Spain;;53;TF;38012;;2777;;429;Atlantic/Canary;2012-03-04;Spain;28.23638, -16.43886
2613660;Skopun;Skopun;Skopen,Skopun;P;PPLA2;FO;Faeroe Islands;DK;SA;40;;;457;;68;Atlantic/Faroe;2022-08-31;Faeroe Islands;61.90285, -6.88234
2614212;Sandur;Sandur;Sand,Sandur,Sanduras,Сандур,סאנדור;P;PPLA;FO;Faeroe Islands;;SA;;;;608;;113;Atlantic/Faroe;2009-07-20;Faeroe Islands;61.8425, -6.80778
2617844;Leirvík;Leirvik;Lajrvujk,Leirvik,Leirvikas,Leirvík,Lervig,Lorvik,Lorvík,lai er wei ke,Λέιρβικ,Лайрвуйк,莱尔维克;P;PPL;FO;Faeroe Islands;;OS;;;;1048;;55;Atlantic/Faroe;2023-01-03;Faeroe Islands;62.20992, -6.69284
3412589;Þorlákshöfn;THorlakshoefn;THorlakshafnar,THorlakshoefn,Thorlakshofn,Þorlákshafnar,Þorlákshöfn;P;PPL;IS;Iceland;;42;8717;;;2037;;6;Atlantic/Reykjavik;2025-10-30;Iceland;63.85591, -21.38337
13353869;Warwick Parish;Warwick Parish;;P;PPLL;BM;Bermuda;;11;;;;8615;;1;Atlantic/Bermuda;2025-06-02;Bermuda;32.26574, -64.80922
2511994;Realejo Alto;Realejo Alto;Realejo Alto;P;PPL;ES;Spain;;53;TF;38026;;35963;;390;Atlantic/Canary;2012-01-19;Spain;28.37645, -16.58575
2513978;Mazo;Mazo;El Pueblo,Mazo;P;PPL;ES;Spain;;53;TF;38053;;4805;;464;Atlantic/Canary;2012-01-19;Spain;28.60906, -17.77801
3374351;Pombas;Pombas;Pombas,Vila das Pombas;P;PPLA;CV;Cape Verde;;05;;;;1429;;191;Atlantic/Cape_Verde;2023-11-29;Cape Verde;17.15026, -25.02007
2509887;Vallehermosa;Vallehermosa;Vallehermosa,Vallehermoso;P;PPL;ES;Spain;;53;TF;38050;;2829;;187;Atlantic/Canary;2021-11-03;Spain;28.17944, -17.26664
2511174;Santa Cruz de Tenerife;Santa Cruz de Tenerife;Sancta Crux Nivariae,Santa Cruz,Santa Cruz Tenerifekoa,Santa Cruz de Tenerife,Santa Cruz de Ténérife,Santa Krouth nte Tenerife,Santa Krus de Tenerife,Santa Kruz de Tenerife,Santa-Krus-de-Tenerife,Santa-Krus-deh-Tehnehryfeh,Santakrusa de Tenerife,TCI,Tenerife,Tenerifes Santa Krusas,Teneriffa,Tenerifės Santa Krusas,san ta kru sde te ne rife,santa kruja de teneriphe,santa krujha de teneripha,santa krusa de tenarifa,santa krws,santa krws dy tynyryfa,santa krwth dy tynyryfh,santa krwz dy tynyrf,santakeuluseudetenelipe,sheng ke lu si-de te nei li fei,snth qrws dh tnryph,Σάντα Κρουθ ντε Τενερίφε,Санта Круз де Тенерифе,Санта Крус де Тенерифе,Санта-Крус-де-Тенерифе,Санта-Крус-де-Тенеріфе,Санта-Крус-дэ-Тэнэрыфэ,סאנטא קרוז דע טענעריפע,סנטה קרוס דה טנריפה,سانتا كروث دي تينيريفه,سانتا كروس دى تينيريفا,سانتا کروز دی تینیرف,سانتا کروز ٹینرائف,سانتا کروس,सांता क्रुझ दे तेनेरीफ,सान्ता क्रूस दे तेनरीफ़,সান্টা ক্রুজ দে তেনেরিফে,ซานตากรุซเดเตเนรีเฟ,სანტა-კრუს-დე-ტენერიფე,サンタ・クルス・デ・テネリフェ,圣克鲁斯-德特内里费,산타크루스데테네리페;P;PPLA;ES;Spain;;53;TF;38038;;211359;10;55;Atlantic/Canary;2025-10-22;Spain;28.46824, -16.25462
2517111;Granadilla de Abona;Granadilla de Abona;Granadil'ja-de-Abona,Granadilla,Granadilla de Abona,ge la na di li ya de ya wo na,ghranadya dy abwna,Гранадилья-де-Абона,Гранаділья-де-Абона,غراناديا دي أبونا,格拉纳迪利亚德亚沃纳;P;PPLA3;ES;Spain;;53;TF;38017;;39993;;634;Atlantic/Canary;2012-03-04;Spain;28.11882, -16.57599
2627130;Siglufjörður;Siglufjoerdur;Hvanneyri,SIJ,Siglifjerdir,Sigljuf'jordjur,Sigljuf'ordjur,Siglufijordur,Siglufirdi,Siglufirði,Siglufjardar,Siglufjarðar,Siglufjoerd,Siglufjoerdur,Siglufjordur,Siglufjörð,Siglufjörður,shigurufiyoruzuru,sigaluphiyordura,sigeullwipioeleudwileu,siglupiorduri,xi ge lu fei e ze,Сиглифјердир,Сиглюфьордюр,Сиглюфьёрдюр,Сіглуфіёрдур,সিগলুফিয়োর্দুর,სიგლუფიორდური,シグルフィヨルズル,錫格呂菲厄澤,시글뤼피외르뒤르;P;PPL;IS;Iceland;;40;6250;;;1190;;-9999;Atlantic/Reykjavik;2020-06-10;Iceland;66.15198, -18.90815
2632028;Eskifjörður;Eskifjoerdur;Ehskif'ordjur,Ehskif'ordur,Eskifirdi,Eskifirði,Eskifjardar,Eskifjarðar,Eskifjerdir,Eskifjoerd,Eskifjoerdur,Eskifjordur,Eskifjorduras,Eskifjördur,Eskifjörð,Eskifjörður,ai si ji fei e ze,eseukipioeleudwileu,esukifiyoruzuuru,Ескифјердир,Ескіфйордур,Эскифьордур,Эскифьордюр,エスキフィヨルズゥル,埃斯基菲厄泽,에스키피외르뒤르;P;PPL;IS;Iceland;;38;7300;;;1014;;-9999;Atlantic/Reykjavik;2022-01-14;Iceland;65.07306, -14.01525
3370726;Edinburgh of the Seven Seas;Edinburgh of the Seven Seas;Edimburgo de los Siete Mares,Edimburgo dos Sete Mares,Edinburg Sedam Mora,Edinburg semi moriv,Edinburga Septinas Juras,Edinburga Septiņās Jūrās,Edinburgas,Edinburgh,Edinburgh-of-the-Seven-Seas,Ehdinburg,Ehdynburg-Sjami-Morau,Eideann na Seachd Muir,Karedin an Seyth Moryow,Settlement of Edinburgh,Tristan Island Settlement,Tristan Settlement,Yeddi dəniz Edinburqu,qi hai ai ding bao,xe din beirk xxf dexa se wen sis,Èideann na Seachd Muir,Единбург Седам Мора,Единбург семи морів,Эдинбург,Эдынбург-Сямі-Мораў,Յոթ ծովերի Էդինբուրգ,אדינבורו על שבעת הימים,سات سمندر کا ایڈنبرا,เอดินเบิร์กออฟเดอะเซเวนซีส์,エディンバラ・オブ・ザ・セブン・シーズ,七海爱丁堡;P;PPLA;SH;Saint Helena;;03;;;;2860;10;42;Atlantic/St_Helena;2024-01-18;Saint Helena;-37.06757, -12.31155
2263519;Santa Luzia;Santa Luzia;Santa Luzia;P;PPL;PT;Portugal;;10;3103;310304;;5490;;33;Atlantic/Madeira;2024-03-29;Portugal;32.65, -16.9
3372965;Lagoa;Lagoa;Alagoa,Lagoa,la gu a,lagoa,Лагоа,לגואה,拉古阿,라고아;P;PPL;PT;Portugal;;23;4201;420104;;14442;;22;Atlantic/Azores;2018-02-27;Portugal;37.74486, -25.57184
2622676;Eiði;Eidi;Aji,Eide,Eidhi,Eidis,Eidis Bygdasavn,Eiði,Eiðis Bygdasavn,Ejde,Айи;P;PPLA2;FO;Faeroe Islands;DK;OS;19;;;634;;-9999;Atlantic/Faroe;2018-07-15;Faeroe Islands;62.2993, -7.09245
2263341;São Gonçalo;Sao Goncalo;Sao Goncalo,São Gonçalo;P;PPL;PT;Portugal;;10;3103;310306;;5806;;527;Atlantic/Madeira;2024-03-29;Portugal;32.65772, -16.87088
2270266;Caniçal;Canical;Canical,Caniçal,Kanisal,Канисал,Канісал;P;PPL;PT;Portugal;;10;3104;310402;;3893;;21;Atlantic/Madeira;2011-09-04;Portugal;32.73834, -16.73836
3372600;São Mateus;Sao Mateus;Sao Mateus,Sao Mateus da Calheta,Sao Matheus,Sao Matheus da Calheta,São Mateus,São Mateus da Calheta,São Matheus,São Matheus da Calheta;P;PPL;PT;Portugal;;23;4301;430116;;3757;;20;Atlantic/Azores;2018-02-27;Portugal;38.6563, -27.26935
3372908;Madalena;Madalena;Magdalena;P;PPL;PT;Portugal;;23;4602;460204;;6136;;8;Atlantic/Azores;2011-09-04;Portugal;38.53642, -28.5266
2632287;Dalvík;Dalvik;Dal'vik,Dalvik,Dalvikas,Dalvikur,Dalvikurbyggd,Dalvík,Dalvíkur,Dalvíkurbyggð,Talvik,da er wei ke,dalbikeu,dalwyk,daruvuiku,Далвик,Далвік,Дальвик,Дальвік,Талвик,Դալվիկ,دالويک,دالویک,დალვიკი,ダールヴィーク,達爾維克,달비크;P;PPL;IS;Iceland;;40;6400;;;1359;40;-9999;Atlantic/Reykjavik;2016-12-03;Iceland;65.97018, -18.52861
3417195;Garðabær;Gardabaer;Gardabae,Gardabaejar,Gardabaer,Gardabair,Gardabairas,Gardabajr,Gardabayr,Garðabaer,Garðabæ,Garðabæjar,Garðabær,galeudabaileu,gardhabayr,garuzabairu,hardabairi,jia er zha bai er,Гардабайр,Ґардабаїр,Գարդաբայր,גארדבאיר,گارذابایر,ჰარდაბაირი,ガルザバイル,加尔扎拜尔,가르다바이르;P;PPL;IS;Iceland;;39;1300;;;11421;;41;Atlantic/Reykjavik;2019-09-05;Iceland;64.08865, -21.92298
2509799;Vega de San Mateo;Vega de San Mateo;San Mateo,Vega de San Mateo;P;PPLA3;ES;Spain;;53;GC;35033;;7687;;848;Atlantic/Canary;2012-03-04;Spain;28.00892, -15.5333
2509864;Valleseco;Valleseco;Valleseco;P;PPLA3;ES;Spain;;53;GC;35032;;4116;;1067;Atlantic/Canary;2012-03-04;Spain;28.0433, -15.57623
2517611;Frontera;Frontera;Frontera,La Frontera,Las Lapas,Фронтера;P;PPLA3;ES;Spain;;53;TF;38013;;4010;;342;Atlantic/Canary;2011-07-31;Spain;27.75404, -18.00367
2522423;Agaete;Agaete;Agaehte,Agaete,a gai te,agaete,aghayty,Агаете,Агаэте,أغايتي,アガエテ,阿盖特;P;PPLA3;ES;Spain;;53;GC;35001;;5459;;55;Atlantic/Canary;2012-03-04;Spain;28.10023, -15.69998
3370936;Half Tree Hollow;Half Tree Hollow;Half Tree Hollow;P;PPL;SH;Saint Helena;;02;;;;1034;;361;Atlantic/St_Helena;2024-02-01;Saint Helena;-15.93723, -5.71996
2267827;Funchal;Funchal;FNC,Funchal,Funsala,Funsalis,Funshal,Funšala,Funšalis,Phountsal,feng sha er,fnchal  prtgal,fung chal,funsharu,fwnchal,fwnshal,phunkala,punshali,punsyal,pwnsl,Φουντσάλ,Фуншал,פונשל,فنچال ،پرتگال,فونشال,فونچال,फुंकल,ฟุงชาล,ფუნშალი,フンシャル,丰沙尔,푼샬;P;PPLA;PT;Portugal;;10;3103;310309;;100847;;280;Atlantic/Madeira;2019-09-05;Portugal;32.66568, -16.92547
2268419;Estreito da Calheta;Estreito da Calheta;Ehshtrejtu-da-Kal'eta,Эштрейту-да-Кальета;P;PPL;PT;Portugal;;10;3101;310103;;1630;;372;Atlantic/Madeira;2011-09-04;Portugal;32.73704, -17.18674
2272341;Água de Pena;Agua de Pena;Agua de Pena,Água de Pena;P;PPL;PT;Portugal;;10;3108;310805;;2434;;160;Atlantic/Madeira;2017-09-16;Portugal;32.70143, -16.77874
3372644;Santa Cruz da Graciosa;Santa Cruz da Graciosa;Santa Cruz,Santa Cruz da Graciosa,Santa Kruz da Grasioza,Santa-Krush-da-Grasioza,santakeuluseudageulasioja,sheng ke lu shen da ge la xi ao sa,Санта-Круш-да-Грасиоза,聖克魯什達格拉西奧薩,산타크루스다그라시오자;P;PPL;PT;Portugal;;23;4401;440104;;1776;;7;Atlantic/Azores;2018-02-27;Portugal;39.08577, -28.0058
3373079;Fenais da Ajuda;Fenais da Ajuda;Fenaes d'Ajuda,Fenaes d'Ajuda Achadinha,Fenaes d’Ajuda,Fenaes d’Ajuda Achadinha,Fenais d'Ajuda,Fenais da Ajuda,Fenais d’Ajuda;P;PPL;PT;Portugal;;23;4205;420502;;1131;;160;Atlantic/Azores;2023-09-28;Portugal;37.85128, -25.32406
3373260;Cais do Pico;Cais do Pico;;P;PPL;PT;Portugal;;23;4603;460305;;3388;;29;Atlantic/Azores;2018-03-01;Portugal;38.52531, -28.32074
2514651;Los Llanos de Aridane;Los Llanos de Aridane;Llanos de Aridane,Los Llanos,Los Llanos de Aridane,Los-L'janos-de-Aridane,luo si li ya nuo si de ya li da nei,lws yanws dy arydany,Лос-Льянос-де-Аридане,Лос-Льянос-де-Арідане,لوس يانوس دي أريداني,洛斯利亚诺斯德亚里达内;P;PPL;ES;Spain;;53;TF;38024;;20171;;341;Atlantic/Canary;2021-11-03;Spain;28.65851, -17.91821
2517436;Gáldar;Galdar;Gal'dar,Galdar,Gáldar,Гальдар;P;PPLA3;ES;Spain;;53;GC;35009;;24209;;148;Atlantic/Canary;2025-07-28;Spain;28.14701, -15.6502
2520760;Buenavista del Norte;Buenavista del Norte;Buehnavista-del'-Norte,Buenavista,Buenavista del Norte,Buenavista-del'-Norte,bu ai na wei si ta de er nuo er te,bwynafysta dyl nwrty,Буенавіста-дель-Норте,Буэнависта-дель-Норте,بوينافيستا ديل نورتي,布埃纳维斯塔德尔诺尔特;P;PPLA3;ES;Spain;;53;TF;38010;;5231;;38;Atlantic/Canary;2014-04-28;Spain;28.37458, -16.86098
13353867;St George's Parish;St George's Parish;Saint George's Parish;P;PPLL;BM;Bermuda;;07;;;;5659;;1;Atlantic/Bermuda;2025-06-02;Bermuda;32.37249, -64.69756
3372700;Ribeira Seca;Ribeira Seca;Ribeira Seca,Ribeira Secca;P;PPL;PT;Portugal;;23;4205;420511;;2950;;27;Atlantic/Azores;2018-02-05;Portugal;37.81667, -25.53333
8441169;Pedra Badejo;Pedra Badejo;Pedra Badejo;P;PPLA;CV;Cape Verde;;16;;;;10038;;35;Atlantic/Cape_Verde;2023-11-29;Cape Verde;15.1375, -23.53083
8521418;Espargos;Espargos;Espargos;P;PPLA;CV;Cape Verde;;08;;;;24500;;53;Atlantic/Cape_Verde;2023-11-29;Cape Verde;16.75524, -22.9446
2510137;Tuineje;Tuineje;Tuineje;P;PPLA3;ES;Spain;;53;GC;35030;;13632;;185;Atlantic/Canary;2012-03-04;Spain;28.32372, -14.04722
2517346;Garafía;Garafia;Garafia,Garafia vald,Garafija,Garafía,Garafía vald,Santo Domingo,gharafya,jia la fei ya,Гарафиа,Гарафія,غارافيا,加拉菲亚;P;PPLA3;ES;Spain;;53;TF;38016;;1929;;795;Atlantic/Canary;2011-07-31;Spain;28.81667, -17.93333
2522293;Alajeró;Alajero;Alajero,Alajeró;P;PPL;ES;Spain;;53;TF;38003;;2066;;804;Atlantic/Canary;2021-08-19;Spain;28.06205, -17.24073
2522437;Adeje;Adeje;Adeche,Adechė,Adeje,Adekhe,Costa Adeje,a de he,adykhy,Адехе,أديخي,阿德赫;P;PPLA3;ES;Spain;;53;TF;38001;;43204;;284;Atlantic/Canary;2012-03-04;Spain;28.12271, -16.726
3415212;Kópavogur;Kopavogur;Kopavog,Kopavogi,Kopavogs,Kopavogsbaer,Kopavogskaupstadur,Kopavogur,Kopavonkour,Koupavagur,Koupavogir,Koupavogjur,Koupavogur,Koupavoguras,Koupavogyur,Kópavog,Kópavogi,Kópavogs,Kópavogsbær,Kópavogskaupstaður,Kópavogur,ke pa wo yu er,kopabogwileu,kopavuoguru,kwbafwghwr,kwpawwgwr,Κόπαβογκουρ,Коупавогир,Коупавогюр,Коупавоґур,Коўпавагур,Կոուպավոգյուր,קואופווגיר,كوبافوغور,کوپاووگور,კუპავოგური,コーパヴォグル,科帕沃于尔,코파보귀르;P;PPL;IS;Iceland;;39;1000;;;37959;;37;Atlantic/Reykjavik;2022-10-03;Iceland;64.11234, -21.91298
8533871;Pembroke Parish;Pembroke Parish;Pembroke,Pembroke Parish;P;PPLX;BM;Bermuda;;05;;;;11160;;8;Atlantic/Bermuda;2025-06-06;Bermuda;32.30019, -64.79204
2619596;Hvalba;Hvalba;Hvalba,Hvalbour,Hvalböur,Kvalbo,Kvalbö;P;PPLA2;FO;Faeroe Islands;;SU;44;;;673;;145;Atlantic/Faroe;2019-04-29;Faeroe Islands;61.60237, -6.96063
2510468;Tijarafe;Tijarafe;Tijarafe,Tirajafe;P;PPLA3;ES;Spain;;53;TF;38047;;2648;;623;Atlantic/Canary;2011-07-31;Spain;28.7, -17.95
2510508;Teror;Teror;Teror,te luo er,tyrwr,Терор,تيرور,特罗尔;P;PPLA3;ES;Spain;;53;GC;35027;;12449;;634;Atlantic/Canary;2025-07-29;Spain;28.06062, -15.54909
2511150;Santa Lucía;Santa Lucia;Santa Lucia de Tirajana,Santa Lucía de Tirajana,sheng lu xi ya,圣卢西亚;P;PPL;ES;Spain;;53;GC;35019;;71863;;699;Atlantic/Canary;2021-11-03;Spain;27.91174, -15.54071
2515911;La Guancha;La Guancha;Guancha,La Guancha;P;PPLA3;ES;Spain;;53;TF;38018;;5424;;497;Atlantic/Canary;2015-06-25;Spain;28.3732, -16.65158
3374121;Ribeira Brava;Ribeira Brava;Ribeira Brava,Vila da Ribeira Brava;P;PPLA;CV;Cape Verde;;22;;;;2851;;108;Atlantic/Cape_Verde;2023-11-29;Cape Verde;16.61583, -24.29833
3374275;Ribeira Grande;Ribeira Grande;Puvuason,R'bera Grend,Ribeira Grande,R’bera Grénd;P;PPL;CV;Cape Verde;;07;;;;3000;;13;Atlantic/Cape_Verde;2025-08-13;Cape Verde;17.1825, -25.065
2632132;Egilsstaðir;Egilsstadir;EGS,Egilsstada,Egilsstadi,Egilsstadir,Egilsstaða,Egilsstaði,Egilsstaðir,Egilsstoedum,Egilsstöðum,Ehgil'sstadir,Эгильсстадир;P;PPLA;IS;Iceland;;38;7400;;;2572;;33;Atlantic/Reykjavik;2023-02-09;Iceland;65.26687, -14.39485
3372730;Relva;Relva;Relva;P;PPL;PT;Portugal;;23;4203;420315;;3006;;98;Atlantic/Azores;2018-01-31;Portugal;37.75271, -25.71848
3372745;Rabo de Peixe;Rabo de Peixe;Rabo de Peixe,Ribo de Peixe;P;PPL;PT;Portugal;;23;4205;420508;;7681;;52;Atlantic/Azores;2018-02-05;Portugal;37.81022, -25.58263
3373078;Fenais da Luz;Fenais da Luz;Fenaes da Luz,Fenais da Luz;P;PPL;PT;Portugal;;23;4203;420308;;2009;;51;Atlantic/Azores;2018-03-01;Portugal;37.8249, -25.64229
2510725;Tacoronte;Tacoronte;Tacoronte,Takoronte,ta ke long te,takrnth,takwrwnty,Такоронте,تاكورونتي,تاکرنته,塔科龙特;P;PPLA3;ES;Spain;;53;TF;38043;;23562;;569;Atlantic/Canary;2012-03-04;Spain;28.47688, -16.41016
2511275;San Nicolás;San Nicolas;Aldea de San Nicolas;P;PPL;ES;Spain;;53;GC;35020;;7950;;57;Atlantic/Canary;2008-08-05;Spain;27.9891, -15.78126
2511447;San Bartolomé;San Bartolome;San - Bartolome,San Bartolome,San Bartolomé,Сан - Бартоломе;P;PPLA3;ES;Spain;;53;GC;35018;;18517;;275;Atlantic/Canary;2012-03-04;Spain;29.00093, -13.613
2512138;Puntallana;Puntallana;Puntallana,San Juan de Puntallana;P;PPLA3;ES;Spain;;53;TF;38030;;2394;;131;Atlantic/Canary;2011-07-31;Spain;28.73333, -17.73333
2518277;El Paso;El Paso;Ehl'-Paso,El Paso,El'-Paso,Paso,ai er pa suo,al basw  santa krwth dy tynyryfh,Ель-Пасо,Эль-Пасо,إل باسو، سانتا كروث دي تينيريفه,埃尔帕索;P;PPL;ES;Spain;;53;TF;38027;;7543;;641;Atlantic/Canary;2021-11-03;Spain;28.65007, -17.88274
2520799;Breña Baja;Brena Baja;Brena Baja,Breña Baja;P;PPLA3;ES;Spain;;53;TF;38009;;4245;;539;Atlantic/Canary;2015-06-07;Spain;28.63011, -17.78953
6544416;Vecindario;Vecindario;Vecindario,Vesindario,Весиндарио;P;PPL;ES;Spain;;53;GC;35022;;14910;;97;Atlantic/Canary;2018-06-08;Spain;27.84636, -15.44455
6692439;El Cotillo;El Cotillo;Ehl'-Kotil'o,El Cotillo,Эль-Котильо;P;PPL;ES;Spain;;53;GC;35014;;1190;;20;Atlantic/Canary;2018-06-08;Spain;28.68264, -14.00637
2411397;Georgetown;Georgetown;ASI,Corctaun,Dzhordzhtaun,Dzordztaun,Dzordztauna,Dzordztaunas,Džordžtauna,Džordžtaunas,Georgetown,Georgetown pa Ascension,Georgetown på Ascension,cxrc thawn,jarj tavun,jojitaun,qiao zhi dui,Џорџтаун,Джорджтаун,Ջորջթաուն,جارج ٹاؤن، جزیرہ اسینشن,ஜார்ஜ் டவுன்,จอร์จทาวน์,ジョージタウン,乔治敦,조지타운;P;PPLA;SH;Saint Helena;;01;;;;5012;;20;Atlantic/St_Helena;2025-06-10;Saint Helena;-7.92861, -14.41194
2510485;Tías;Tias;Tias,Tías;P;PPLA3;ES;Spain;;53;GC;35028;;19849;;177;Atlantic/Canary;2012-03-04;Spain;28.96108, -13.64502
2510574;Tegueste;Tegueste;Tegueste;P;PPLA3;ES;Spain;;53;TF;38046;;10666;;424;Atlantic/Canary;2022-12-28;Spain;28.52236, -16.34074
2511371;San Isidro;San Isidro;San Isidro,Сан Исидро;P;PPL;ES;Spain;;53;TF;38017;;19541;;207;Atlantic/Canary;2013-08-07;Spain;28.07617, -16.558
2515692;La Orotava;La Orotava;La Orotava,La-Orotava,Orotava,Villa Orotava,Villa de Orotava,Villa de la Orotava,la awrwtafa,lao luo ta wa,Ла-Оротава,Оротава,لا أوروتافا,劳罗塔瓦;P;PPL;ES;Spain;;53;TF;38026;;41833;;355;Atlantic/Canary;2023-10-18;Spain;28.39076, -16.52309
2516785;Hermigua;Hermigua;Ehrmigua,Ermigua,Hermigua,Hermigva,ai er mi gua,armyghwa,hrmygwa,Ермігуа,Эрмигуа,إرميغوا,هرمیگوا,埃尔米瓜;P;PPLA3;ES;Spain;;53;TF;38021;;2195;;107;Atlantic/Canary;2012-03-04;Spain;28.16766, -17.19051
2265494;Nossa Senhora do Monte;Nossa Senhora do Monte;Monte,Nossa Senhora do Monte,Монте;P;PPL;PT;Portugal;;10;3103;310302;;7444;;350;Atlantic/Madeira;2012-01-17;Portugal;32.66667, -16.9
3413829;Reykjavík;Reykjavik;REK,Recwic,Refkiavik,Rehjkjavik,Reiciavicia,Reicivic,Reikiavik,Reikiavike,Reikjaveks,Reikjavik,Reikjavika,Reikjavikas,Reikjavīka,Reiquiavik,Reiquiavique,Rejk'javik,Rejkijavik,Rejkjavik,Rejkjaviko,Rekyavik,Reykiavica,Reykjavik,Reykjavikur,Reykjavík,Reykjavíkur,Reykjawik,Reykyabik,Reykyavik,Rèkyavik,Réicivíc,Rēcwīc,Rėikjavėks,kartuli,lei ke ya wei ke,leikyabikeu,re'ikiyabhika,reikyavuiku,rekavik,rekh ya wik,reki'avika,rekjabhika,rekjavika,rekyavika,reyikyavik,reykyavik,rykjawk,rykyafyk,rykyawk,rykyawyk,Ρέικιαβικ,Ρευκιαβικ,Рейк'я́вік,Рейкиявик,Рейкьявик,Рейкявик,Рејкјавик,Рэйкявік,Ռեյկյավիկ,רייקיאוויק,רעקיאוויק,ريكيافيك,ریکجاوک,ریکیاوک,ریکیاویک,رېيكياۋىك,ڕێکیاڤیک,रेक्जाविक,रेक्याविक,রেইকিয়াভিক,ਰੇਕਿਆਵਿਕ,ରେକ୍ଜାଭିକ,ரெய்க்யவிக்,రేకవిక్,റെയിക്യാവിക്,เรคยาวิก,རེཀ་ཇ་བིཀ།,რეიკიავიკი,ქართული,ሬይኪያቪክ,レイキャヴィーク,雷克亞維克,雷克雅未克,雷克雅維克,레이캬비크;P;PPLC;IS;Iceland;;39;0000;;;118918;;37;Atlantic/Reykjavik;2025-05-08;Iceland;64.13548, -21.89541
3414979;Seltjarnarnes;Seltjarnarnes;Seltjarnarnes,Seltjarnarnesi;P;PPL;IS;Iceland;;39;1100;;;4726;;9;Atlantic/Reykjavik;2022-01-14;Iceland;64.15309, -21.99499
