Geoname ID;Name;ASCII Name;Alternate Names;Feature Class;Feature Code;Country Code;Country name EN;Country Code 2;Admin1 Code;Admin2 Code;Admin3 Code;Admin4 Code;Population;Elevation;DIgital Elevation Model;Timezone;Modification date;LABEL EN;Coordinates
2255186;Tchikapika;Tchikapika;Tchekapika,Tchikapika,Tchékapika;P;PPL;CG;Congo;;13;;;;1306;;312;Africa/Brazzaville;2023-11-29;Congo;-1.26444, 16.18028
2258803;Komono;Komono;;P;PPL;CG;Congo;;05;;;;9169;;448;Africa/Brazzaville;2023-11-29;Congo;-3.2775, 13.22611
204405;Uvira;Uvira;Uvinza,Uvira,Увира;P;PPL;CD;Congo, Democratic Republic of the;;12;08;;;407092;;806;Africa/Lubumbashi;2023-11-29;Congo, Democratic Republic of the;-3.39534, 29.13779
217834;Bukama;Bukama;Bukama;P;PPL;CD;Congo, Democratic Republic of the;;15;06;;;105530;;578;Africa/Lubumbashi;2023-11-29;Congo, Democratic Republic of the;-9.20443, 25.85475
922773;Kolwezi;Kolwezi;KWZ,Kolvezi,Kolwezi,Колвези,Колвезі;P;PPLA2;CD;Congo, Democratic Republic of the;;22;01;;;790248;;1485;Africa/Lubumbashi;2025-05-08;Congo, Democratic Republic of the;-10.71484, 25.46674
2313762;Libenge;Libenge;LIE,Libange,Libenge,Libengė,Libenzh,Limpentze,Líbɛngɛ,jie chi,labenjha,li ben gai,li ben ke,libenge,libenja,libenji,lijhenja,lipenke,lybnghy,lybnjy,lybynjy,ribenge,Λιμπέντζε,Либенж,Лібенге,ليبنجى,ليبنغي,لیبینجی,लबेन्झ,लीबेंगे,লিবেঞ্জ,લિઝેંજ,லிபேன்கே,లిబెంగే,ಲಿಬೆಂಗೆ,ලිබෙන්ජි,ไลเบนเก้,リベンゲ,利本盖,利本蓋,劫持,리벤지;P;PPL;CD;Congo, Democratic Republic of the;;28;05;;;37344;;358;Africa/Kinshasa;2023-11-29;Congo, Democratic Republic of the;3.65332, 18.63566
2315026;Kasongo-Lunda;Kasongo-Lunda;KGN,Kasongo-Lunda;P;PPL;CD;Congo, Democratic Republic of the;;19;07;;;20060;;534;Africa/Kinshasa;2021-09-10;Congo, Democratic Republic of the;-6.47833, 16.81735
2317397;Bandundu Province;Bandundu Province;Bandundu,Bandundu Boelgesi,Bandundu Bölgesi,Bandundu Province,Bandundu tartomany,Bandundu tartomány,Banningville,FDU,Pravincyja Bandundu,Provincia di Bandundu,Provinco Bandundu,Provinsi Bandundu,ban dun du sheng,bandandw,bandoundou zhou,bandundu ju,bandundu pranta,Бандунду,Правінцыя Бандунду,באנדונדו,بانداندو,باندوندو صوبہ,बान्दुन्दु प्रान्त,バンドゥンドゥ州,班顿杜省,반둔두 주;P;PPLA;CD;Congo, Democratic Republic of the;;20;01;;;202904;;322;Africa/Kinshasa;2023-11-29;Congo, Democratic Republic of the;-3.31687, 17.38063
8329635;Hyosha;Hyosha;Hyosha,Oicha,Oisha;P;PPL;CD;Congo, Democratic Republic of the;;11;07;;;74502;;1055;Africa/Lubumbashi;2023-11-29;Congo, Democratic Republic of the;0.69781, 29.51863
2257990;Madingou;Madingou;Madingo,Madingou,Madingu,Мадингу;P;PPLA;CG;Congo;;01;;;;1153;;216;Africa/Brazzaville;2025-11-15;Congo;-4.15361, 13.55
206847;Nyunzu;Nyunzu;Nyunzu;P;PPL;CD;Congo, Democratic Republic of the;;29;10;;;62565;;734;Africa/Lubumbashi;2023-11-29;Congo, Democratic Republic of the;-5.95609, 28.01649
214614;Kamina;Kamina;KMN,Kamina,Kaminy,Камины;P;PPLA;CD;Congo, Democratic Republic of the;;15;02;;;200184;;1124;Africa/Lubumbashi;2023-11-29;Congo, Democratic Republic of the;-8.73508, 24.99798
219414;Basoko;Basoko;Basoko;P;PPL;CD;Congo, Democratic Republic of the;;30;09;;;76371;;375;Africa/Lubumbashi;2023-11-29;Congo, Democratic Republic of the;1.23909, 23.61598
2257329;Mouyondzi;Mouyondzi;MUY,Mouionzi,Mouyondji,Mouyondzi,Muyonzi;P;PPL;CG;Congo;;01;;;;18321;;510;Africa/Brazzaville;2023-11-29;Congo;-3.99437, 13.92719
2259360;Kellé;Kelle;KEE,Kelle,Kelli,Kellé;P;PPL;CG;Congo;;14;;;;9089;;438;Africa/Brazzaville;2023-11-29;Congo;-0.0654, 14.49959
2260591;Boundji;Boundji;BOE,Boundji,Saint-Francois de Boundji,Saint-François de Boundji;P;PPL;CG;Congo;;13;;;;10224;;344;Africa/Brazzaville;2023-11-29;Congo;-1.02605, 15.35914
2565574;Pokola;Pokola;;P;PPL;CG;Congo;;10;;;;15102;;331;Africa/Brazzaville;2023-11-29;Congo;1.405, 16.31833
204283;Watsa;Watsa;Watsa;P;PPL;CD;Congo, Democratic Republic of the;;16;09;;;47278;;1018;Africa/Lubumbashi;2023-11-29;Congo, Democratic Republic of the;3.03716, 29.53551
204953;Tshikapa;Tshikapa;Chikapa,TSH,Tshikapa,qi ka pa,tshykaba,tsuikapa,Чикапа,تشيكابا,ツィカパ,奇卡帕;P;PPLA2;CD;Congo, Democratic Republic of the;;18;01;;;634529;;484;Africa/Lubumbashi;2023-11-29;Congo, Democratic Republic of the;-6.41621, 20.79995
214575;Kampene;Kampene;Kampene;P;PPL;CD;Congo, Democratic Republic of the;;10;07;;;37034;;652;Africa/Lubumbashi;2021-09-10;Congo, Democratic Republic of the;-3.59678, 26.66715
217831;Bukavu;Bukavu;BKY,Bukavu,Costermansstad,Costermansville,Букаву;P;PPLA;CD;Congo, Democratic Republic of the;;12;01;;;816811;;1631;Africa/Lubumbashi;2023-11-29;Congo, Democratic Republic of the;-2.49077, 28.84281
218680;Boende;Boende;BNB,Boende;P;PPLA;CD;Congo, Democratic Republic of the;;31;02;;;50794;;349;Africa/Kinshasa;2023-11-29;Congo, Democratic Republic of the;-0.28163, 20.88053
220121;Babamba;Babamba;;P;PPL;CD;Congo, Democratic Republic of the;;30;11;;;81740;;760;Africa/Lubumbashi;2023-11-29;Congo, Democratic Republic of the;0.18333, 27.48333
2316473;Bosobolo;Bosobolo;Bosobolo;P;PPL;CD;Congo, Democratic Republic of the;;26;06;;;14553;;442;Africa/Kinshasa;2021-09-10;Congo, Democratic Republic of the;4.1898, 19.8833
208182;Mulongo;Mulongo;Mulombo,Mulongo;P;PPL;CD;Congo, Democratic Republic of the;;15;05;;;89340;;597;Africa/Lubumbashi;2023-11-29;Congo, Democratic Republic of the;-7.83486, 26.99852
922806;Kipushi;Kipushi;Kipushi,Kipusis,Kipušis,ji pu xi,kipushi,kybwshy,Кипуши,Кіпуші,كيبوشي,კიპუში,キプシ,基普希;P;PPL;CD;Congo, Democratic Republic of the;;14;02;;;169635;;1348;Africa/Lubumbashi;2023-11-29;Congo, Democratic Republic of the;-11.76097, 27.25135
2258016;Mabombo;Mabombo;Mabombo,Mabombo IV;P;PPL;CG;Congo;;01;;;;1955;;294;Africa/Brazzaville;2023-11-29;Congo;-3.97611, 13.57694
2258248;Loudima;Loudima;Loudima,Loudima Poste,Louidma;P;PPL;CG;Congo;;01;;;;20391;;150;Africa/Brazzaville;2023-11-29;Congo;-4.11616, 13.06755
214297;Kanyobagonga;Kanyobagonga;Kanyabayonga,Kanyabayongo,Kanyabayungu,Kanyobagonga,ka ni ya ba yong jia,卡尼亞巴永加;P;PPL;CD;Congo, Democratic Republic of the;;11;11;;;44146;;1772;Africa/Lubumbashi;2023-11-29;Congo, Democratic Republic of the;-0.69978, 29.17181
923186;Fungurume;Fungurume;Fungurume,Mokandame,Mokandamé,Paka Milolo,Pakamilolo;P;PPL;CD;Congo, Democratic Republic of the;;22;03;;;50100;;1177;Africa/Lubumbashi;2023-11-29;Congo, Democratic Republic of the;-10.61771, 26.32107
2313874;Kutu;Kutu;;P;PPL;CD;Congo, Democratic Republic of the;;24;06;;;56061;;312;Africa/Kinshasa;2023-11-29;Congo, Democratic Republic of the;-2.7249, 18.14756
211098;Lubao;Lubao;Lubao,Senteri,Sentery,Sentiry;P;PPL;CD;Congo, Democratic Republic of the;;21;08;;;37818;;694;Africa/Lubumbashi;2023-11-29;Congo, Democratic Republic of the;-5.38771, 25.74885
211734;Lisala;Lisala;LIQ,Lisala,Lisale,Lizala,Лисале;P;PPL;CD;Congo, Democratic Republic of the;;25;02;;;117464;;418;Africa/Kinshasa;2023-11-29;Congo, Democratic Republic of the;2.15127, 21.51672
212730;Kisangani;Kisangani;FKI,Kisan'nkani,Kisangani,Kisanganis,Kisangáni,Singitini,Stanleystad,Stanleyville,ji sang jia ni,kisang-gani,kisangani,Κισανγκάνι,Кисангани,Кісангані,Կիսանգանի,キサンガニ,基桑加尼,키상가니;P;PPLA;CD;Congo, Democratic Republic of the;;30;01;;;1181788;;400;Africa/Lubumbashi;2023-11-29;Congo, Democratic Republic of the;0.51528, 25.19099
215605;Kabare;Kabare;;P;PPL;CD;Congo, Democratic Republic of the;;12;02;;;37034;;1996;Africa/Lubumbashi;2021-09-10;Congo, Democratic Republic of the;-2.49682, 28.79081
215668;Kabalo;Kabalo;KBO,Kabalo;P;PPL;CD;Congo, Democratic Republic of the;;29;07;;;81191;;560;Africa/Lubumbashi;2023-11-29;Congo, Democratic Republic of the;-6.05255, 26.9143
218253;Bondo;Bondo;Bondo,Djabir;P;PPL;CD;Congo, Democratic Republic of the;;13;06;;;17860;;494;Africa/Lubumbashi;2023-01-20;Congo, Democratic Republic of the;3.81461, 23.68665
2593460;Masina;Masina;;P;PPL;CD;Congo, Democratic Republic of the;;06;00;;;485167;;288;Africa/Kinshasa;2021-09-10;Congo, Democratic Republic of the;-4.38361, 15.39139
2258984;Kinkala;Kinkala;Kinkala;P;PPLA;CG;Congo;;11;;;;12411;;391;Africa/Brazzaville;2025-11-15;Congo;-4.35859, 14.76465
2260409;Divenié;Divenie;Divanie,Divanié,Divegni,Divenie,Divenié,Divina,Divégni,Divénié;P;PPL;CG;Congo;;07;;;;5739;;289;Africa/Brazzaville;2025-11-15;Congo;-2.67722, 12.08556
2260945;Bétou;Betou;BTB,Betou,Bétou;P;PPL;CG;Congo;;06;;;;16221;;340;Africa/Brazzaville;2023-11-29;Congo;3.055, 18.51722
203717;Yangambi;Yangambi;YAN,Yangambi,yang gan bi,yanganbi,yanghamby,yanjamby,yngamby,يانجامبى,يانغامبي,ینگامبی,ヤンガンビ,扬甘比,揚甘比;P;PPL;CD;Congo, Democratic Republic of the;;30;05;;;62082;;459;Africa/Lubumbashi;2023-11-29;Congo, Democratic Republic of the;0.76755, 24.43973
214974;Kalemie;Kalemie;Albertstad,Albertville,FMI,Kalemi,Kalemie,Kalemije,Kalemijė,ka lai mi,kallemi,karemi,Калеми,Калемие,Калеміє,カレミ,卡萊米,칼레미;P;PPL;CD;Congo, Democratic Republic of the;;29;02;;;160961;;787;Africa/Lubumbashi;2023-11-29;Congo, Democratic Republic of the;-5.94749, 29.19471
216449;Gandajika;Gandajika;GDJ,Gandajika;P;PPL;CD;Congo, Democratic Republic of the;;21;06;;;208051;;802;Africa/Lubumbashi;2023-11-29;Congo, Democratic Republic of the;-6.74504, 23.95328
220448;Aketi;Aketi;Aketi,Akétí,Port Chaltin,a kai di,aketi,akty,akyty,Акети,Акеті,Ակետի,أكيتي,اكيتى,اکتی,აკეტი,アケティ,阿凱蒂,아케티;P;PPL;CD;Congo, Democratic Republic of the;;13;04;;;61437;;380;Africa/Lubumbashi;2023-11-29;Congo, Democratic Republic of the;2.73877, 23.78326
11905965;Mangina;Mangina;;P;PPL;CD;Congo, Democratic Republic of the;;11;07;;;55439;;970;Africa/Lubumbashi;2023-11-29;Congo, Democratic Republic of the;0.60419, 29.31004
2258261;Dolisie;Dolisie;DIS,Dolisi,Dolisie,Dolisje,Dolizi,Dolosie,Loubomo,Lubomo,dolliji,dorishi,duo li xi,dwlysy,Долиси,Лубомо,دولیسی,ドリシー,多利西,돌리지;P;PPLA;CG;Congo;;07;;;;121000;;332;Africa/Brazzaville;2023-11-29;Congo;-4.19834, 12.66664
220223;Aru;Aru;Aru;P;PPL;CD;Congo, Democratic Republic of the;;17;09;;;45516;;1350;Africa/Lubumbashi;2023-11-29;Congo, Democratic Republic of the;2.86218, 30.84138
2258575;Lékana;Lekana;Lecania,Lekana,Lekania,Lékana;P;PPL;CG;Congo;;08;;;;5828;;803;Africa/Brazzaville;2023-11-29;Congo;-2.32528, 14.6
210399;Luputa;Luputa;;P;PPL;CD;Congo, Democratic Republic of the;;21;04;;;54676;;879;Africa/Lubumbashi;2023-11-29;Congo, Democratic Republic of the;-7.16177, 23.70057
210674;Lukula;Lukula;Lukula,Lukule;P;PPL;CD;Congo, Democratic Republic of the;;27;03;;;46534;;610;Africa/Lubumbashi;2023-11-29;Congo, Democratic Republic of the;-3.86881, 23.88348
217100;Djugu;Djugu;Djugu;P;PPL;CD;Congo, Democratic Republic of the;;17;05;;;41409;;1674;Africa/Lubumbashi;2023-11-29;Congo, Democratic Republic of the;1.91932, 30.50257
2312895;Mbandaka;Mbandaka;Bandaka,Cocquilhatville,Coquilhalville,Coquilhatstad,Coquilhatville,MDK,Mbandaka,Mbándáká,Wangata,eumbandaka,mbandaka,mu ban da ka,mubandaka,Мбандака,مبانداکا,ムバンダカ,姆班达卡,음반다카;P;PPLA;CD;Congo, Democratic Republic of the;;02;01;;;455011;;315;Africa/Kinshasa;2023-11-29;Congo, Democratic Republic of the;0.04865, 18.26034
2313011;Masi-Manimba;Masi-Manimba;MSM,Masi-Manimba;P;PPL;CD;Congo, Democratic Republic of the;;20;12;;;45775;;487;Africa/Kinshasa;2023-11-29;Congo, Democratic Republic of the;-4.77549, 17.89095
2315057;Kasangulu;Kasangulu;Kasangulu;P;PPL;CD;Congo, Democratic Republic of the;;08;15;;;45400;;413;Africa/Kinshasa;2023-11-29;Congo, Democratic Republic of the;-4.5833, 15.16554
2315728;Gemena;Gemena;GMA,Gemena,Gemene,Гемене;P;PPLA;CD;Congo, Democratic Republic of the;;28;02;;;197159;;420;Africa/Kinshasa;2023-11-29;Congo, Democratic Republic of the;3.25651, 19.77234
2316091;Dibaya-Lubwe;Dibaya-Lubwe;Dibaya,Dibaya Lubue,Dibaya-Lubwe,Diyaba,Diyaba-Lubue,Lubue;P;PPL;CD;Congo, Democratic Republic of the;;20;09;;;55672;;384;Africa/Kinshasa;2023-11-29;Congo, Democratic Republic of the;-4.15869, 19.8619
2569660;Oyo;Oyo;Oyo;P;PPL;CG;Congo;;13;;;;20630;;320;Africa/Brazzaville;2023-11-29;Congo;-1.165, 15.97
211069;Lubero;Lubero;Lubero,Luofu;P;PPL;CD;Congo, Democratic Republic of the;;11;05;;;41722;;1871;Africa/Lubumbashi;2023-11-29;Congo, Democratic Republic of the;-0.15837, 29.23859
220075;Bakwa;Bakwa;Babwa,Bakwa;P;PPL;CD;Congo, Democratic Republic of the;;16;05;;;100575;;666;Africa/Lubumbashi;2023-11-29;Congo, Democratic Republic of the;4.1263, 27.39527
2314523;Kimpese;Kimpese;Kimpese,Kimpesse;P;PPL;CD;Congo, Democratic Republic of the;;08;12;;;79539;;326;Africa/Kinshasa;2023-11-29;Congo, Democratic Republic of the;-5.5615, 14.43159
2316259;Bulungu;Bulungu;Bulungu;P;PPL;CD;Congo, Democratic Republic of the;;20;04;;;81393;;400;Africa/Kinshasa;2023-11-29;Congo, Democratic Republic of the;-4.54437, 18.60364
2255285;Sibiti;Sibiti;SIB,Sibidi,Sibiti;P;PPLA;CG;Congo;;05;;;;33122;;531;Africa/Brazzaville;2023-11-29;Congo;-3.68192, 13.34985
2256294;Ngo;Ngo;Bessala,Bossala,N'Gao,Ngo,N’Gao;P;PPL;CG;Congo;;08;;;;14606;;633;Africa/Brazzaville;2023-11-29;Congo;-2.48722, 15.75556
2258378;Loandjili;Loandjili;Loandjili,Louantili,roanjiri,ロアンジリ;P;PPL;CG;Congo;;15;;;;23204;;7;Africa/Brazzaville;2019-01-09;Congo;-4.75611, 11.85778
2567121;Nzassi;Nzassi;Nzasi,Nzassi;P;PPL;CG;Congo;;04;;;;8585;;10;Africa/Brazzaville;2023-11-29;Congo;-4.98111, 12.03972
2255244;Souanké;Souanke;SOE,Souanke,Souanke-Semne,Souanké,Suangue,Suangué,Zouanke,Zouanké;P;PPL;CG;Congo;;10;;;;5693;;556;Africa/Brazzaville;2023-11-29;Congo;2.05966, 14.13219
2256481;Mvouti;Mvouti;Mvouti,Mvuti,Vouti;P;PPL;CG;Congo;;04;;;;2052;;201;Africa/Brazzaville;2023-11-29;Congo;-4.24639, 12.48889
2257879;Makoua;Makoua;MKJ,Makoua,Makoue;P;PPL;CG;Congo;;13;;;;20550;;324;Africa/Brazzaville;2023-11-29;Congo;0.00694, 15.63333
219057;Beni;Beni;BNC,Beni,New Beni,Nouveau Beni,Бени;P;PPL;CD;Congo, Democratic Republic of the;;11;09;;;140731;;1161;Africa/Lubumbashi;2023-11-29;Congo, Democratic Republic of the;0.49113, 29.47306
2259947;Gamboma;Gamboma;GMM,Gamboma;P;PPL;CG;Congo;;08;;;;26718;;356;Africa/Brazzaville;2025-10-14;Congo;-1.87639, 15.86444
2260401;Djambala;Djambala;DJM,Dambala,Djambala,Djamballa;P;PPLA;CG;Congo;;08;;;;15372;;640;Africa/Brazzaville;2025-11-15;Congo;-2.53806, 14.7541
215976;Ilebo;Ilebo;Franqui,Ilebo,PFR,Port-Francqui,Илебо;P;PPL;CD;Congo, Democratic Republic of the;;18;05;;;117245;;440;Africa/Lubumbashi;2023-11-29;Congo, Democratic Republic of the;-4.33111, 20.58638
2310763;Zongo;Zongo;Zongo;P;PPL;CD;Congo, Democratic Republic of the;;28;06;;;48658;;356;Africa/Kinshasa;2023-11-29;Congo, Democratic Republic of the;4.34283, 18.59447
2315417;Inongo;Inongo;INO,Inongo;P;PPLA;CD;Congo, Democratic Republic of the;;24;02;;;68852;;318;Africa/Kinshasa;2023-11-29;Congo, Democratic Republic of the;-1.9275, 18.2881
2315419;Inkisi;Inkisi;;P;PPL;CD;Congo, Democratic Republic of the;;08;13;;;115317;;516;Africa/Kinshasa;2023-11-29;Congo, Democratic Republic of the;-5.13122, 15.0541
209856;Malemba-Nkulu;Malemba-Nkulu;Malemba,Malemba-Nkulu;P;PPL;CD;Congo, Democratic Republic of the;;15;05;;;25430;;572;Africa/Lubumbashi;2024-04-08;Congo, Democratic Republic of the;-8.04475, 26.79625
212902;Kindu;Kindu;KND,Kindu,Kindu-Port-Empain,Port de Kindu,Port-Empain,jin du,kindou,kindu,kndw,Кинду,Кінду,کندو,キンドゥ,金杜,킨두;P;PPLA;CD;Congo, Democratic Republic of the;;10;01;;;234651;;464;Africa/Lubumbashi;2023-11-29;Congo, Democratic Republic of the;-2.94373, 25.92237
922704;Lubumbashi;Lubumbashi;E'ville,Elisabethville,Elizabethstad,Elizabethville,E’ville,FBM,Lubumbashi,Lubumbashi shaary,Lubumbashy,Lubumbasi,Lubumbasis,Lubumbaši,Lubumbašis,Lumumbashi,lu ben ba xi,lubumabasi,lubumbasi,lubumbasi si,lwbmbashy,lwbwmbashy,rubunbashi,Élisabethville,Лубумбаши,Лубумбаши шаары,Лубумбашы,Лубумбаші,לובומבאשי,لوبمباشی,لوبومباشي,لوبومباشی,ਲੂਬੁਮਬਾਸ਼ੀ,ルブンバシ,盧本巴希,루붐바시,루붐바시 시;P;PPLA;CD;Congo, Democratic Republic of the;;14;01;;;2221925;;1260;Africa/Lubumbashi;2024-06-29;Congo, Democratic Republic of the;-11.66089, 27.47938
2316748;Bolobo;Bolobo;Bolobo;P;PPL;CD;Congo, Democratic Republic of the;;24;08;;;47032;;321;Africa/Kinshasa;2023-11-29;Congo, Democratic Republic of the;-2.158, 16.23249
2260014;Etoumbi;Etoumbi;Ehtumbi,Etoumbi,Etoumpi,Etumbi,Etumbio,Etumbis,ai tong bi,atwmby,etounbi,etumbi,Ετούμπι,Етумби,Етумбі,Этумби,אטומבי,أتومبي,エトゥンビ,埃通比,에툼비;P;PPL;CG;Congo;;13;;;;11139;;359;Africa/Brazzaville;2023-11-29;Congo;0.02889, 14.90556
2255414;Pointe-Noire;Pointe-Noire;PNR,Pointe-Noire,Puehnt-Nuar,Puent Nuaras,puaengteunualeu,Пуэнт-Нуар,푸앵트누아르;P;PPLA;CG;Congo;;15;;;;1032000;;12;Africa/Brazzaville;2023-11-29;Congo;-4.77609, 11.86352
2260070;Enyellé;Enyelle;Envelle,Envellé,Enyele,Enyelle,Enyellé,Enyielle,Enyiellé,Enyélé;P;PPL;CG;Congo;;06;;;;8697;;361;Africa/Brazzaville;2023-11-29;Congo;2.8075, 18.01167
204318;Wamba;Wamba;Wamba;P;PPL;CD;Congo, Democratic Republic of the;;16;11;;;17373;;796;Africa/Lubumbashi;2021-09-10;Congo, Democratic Republic of the;2.14838, 27.99466
212760;Kirumba;Kirumba;;P;PPL;CD;Congo, Democratic Republic of the;;11;11;;;52041;;1876;Africa/Lubumbashi;2023-11-29;Congo, Democratic Republic of the;-1.09056, 29.2925
213576;Kayna;Kayna;Kaina,Kayna,Kaïna;P;PPL;CD;Congo, Democratic Republic of the;;11;05;;;51103;;1753;Africa/Lubumbashi;2023-11-29;Congo, Democratic Republic of the;-0.60927, 29.17249
2256895;Mossendjo;Mossendjo;MSX,Massendjo,Mossendio,Mossendjo;P;PPL;CG;Congo;;07;;;;19104;;448;Africa/Brazzaville;2023-11-29;Congo;-2.94968, 12.70423
2259310;Kibangou;Kibangou;Kibangou;P;PPL;CG;Congo;;04;;;;3069;;117;Africa/Brazzaville;2023-11-29;Congo;-4.16667, 12.06667
205970;Sake;Sake;Sake,sa kai,sake,Саке,サケ,薩凱;P;PPL;CD;Congo, Democratic Republic of the;;11;03;;;17151;;1468;Africa/Lubumbashi;2021-09-10;Congo, Democratic Republic of the;-1.57386, 29.04339
213851;Katanda;Katanda;Katanda,Katenda;P;PPL;CD;Congo, Democratic Republic of the;;11;11;;;42105;;968;Africa/Lubumbashi;2023-11-29;Congo, Democratic Republic of the;-0.82535, 29.36451
216281;Goma;Goma;GOM,Goma,Ngoma,Nkoma,ge ma,ghwma,goma,gwma,Γκόμα,Гома,غوما,گوما,ゴマ,戈马,고마;P;PPLA;CD;Congo, Democratic Republic of the;;11;01;;;432587;;1518;Africa/Lubumbashi;2023-11-29;Congo, Democratic Republic of the;-1.67409, 29.22845
217389;Demba;Demba;Demba;P;PPL;CD;Congo, Democratic Republic of the;;23;06;;;22263;;632;Africa/Lubumbashi;2021-09-10;Congo, Democratic Republic of the;-5.49573, 22.26962
217745;Bumba;Bumba;BMB,Boumpa,Bumba,bamba,ben ba,bumba,bunba,bwmba,pumpa,Μπούμπα,Бумба,بامبا,بومبا,बुम्बा,বুম্বা,બુંબા,பூம்பா,బుమ్బా,ಬಂಬಾ,බම්බා,บัมแบร์ก,ბუმბა,ブンバ,奔巴,붐바;P;PPL;CD;Congo, Democratic Republic of the;;25;04;;;154586;;362;Africa/Kinshasa;2023-11-29;Congo, Democratic Republic of the;2.18771, 22.46827
2314935;Kenge;Kenge;Kenge;P;PPL;CD;Congo, Democratic Republic of the;;08;11;;;63317;;241;Africa/Kinshasa;2023-11-29;Congo, Democratic Republic of the;-5.76521, 13.65711
207570;Mwene-Ditu;Mwene-Ditu;Mvene-Ditu,Mwene-Ditu,Мвене-Диту;P;PPL;CD;Congo, Democratic Republic of the;;21;03;;;189177;;970;Africa/Lubumbashi;2021-09-10;Congo, Democratic Republic of the;-7.00906, 23.45278
209161;Miabi;Miabi;Miabi;P;PPL;CD;Congo, Democratic Republic of the;;04;05;;;79929;;782;Africa/Lubumbashi;2023-11-29;Congo, Democratic Republic of the;-6.22149, 23.39254
211647;Lodja;Lodja;LJA,Lodja,Lodzh,Loja,Лодж;P;PPL;CD;Congo, Democratic Republic of the;;27;03;;;91409;;478;Africa/Lubumbashi;2023-11-29;Congo, Democratic Republic of the;-3.52105, 23.6005
214481;Kananga;Kananga;KGA,Kananga,Kanange,Lulua,Luluabourg,Luluaburg,ka nan jia,kanang-ga,kananga,kanangha,Кананга,Կանանգա,كانانغا,カナンガ,卡南加,카낭가;P;PPLA;CD;Congo, Democratic Republic of the;;23;01;;;1247168;;643;Africa/Lubumbashi;2023-11-29;Congo, Democratic Republic of the;-5.89624, 22.41659
922083;Tshilenge;Tshilenge;;P;PPL;CD;Congo, Democratic Republic of the;;22;05;;;116073;;1145;Africa/Lubumbashi;2023-11-29;Congo, Democratic Republic of the;-10.96667, 22.9
2314705;Kikwit;Kikwit;KKW,Kikgouit,Kikvit,Kikvita,Kikvitas,Kikvite,Kikwit,Kitwit,ji kui te,khikh with,kikavita,kikbita,kikivit,kikuuito,kikvit,kikwiteu,kykwyt,qyqbyt,Κικγουίτ,Киквит,Киквите,Кіквіт,Կիկվիտ,קיקביט,كيكويت,کیکویت,किकविट,কিক্বিট,કિકવિટ,கிகிவிட்,కిక్వీట్,ಕಿಕ್ವಿಟ್,කික්විට්,คิควิท,კიკვიტი,キクウィト,基奎特,키퀴트;P;PPL;CD;Congo, Democratic Republic of the;;20;03;;;509367;;466;Africa/Kinshasa;2023-11-29;Congo, Democratic Republic of the;-5.04098, 18.81619
2260794;Boko;Boko;Bogo,Boko;P;PPL;CG;Congo;;13;;;;1936;;323;Africa/Brazzaville;2023-11-29;Congo;-0.42306, 15.7475
2565524;Mindouli;Mindouli;;P;PPL;CG;Congo;;06;;;;20985;;362;Africa/Brazzaville;2023-11-29;Congo;3.10278, 18.51111
2260535;Brazzaville;Brazzaville;BZV,Braza,Brazavil,Brazavil',Brazavilis,Brazavilo,Brazzavil,Brazzavil',Brazzaville,Maya-Maya,Mprazabil,N'Tamo,beulajabil,brazafyl,brazawyl,brzwwyl,bu la chai wei er,burazavuiru,Μπραζαβίλ,Бразавил,Бразавіль,Браззавиль,Браззавіль,ברזוויל,برازافيل,برازاویل,ብራዛቪል,ブラザヴィル,布拉柴维尔,브라자빌;P;PPLC;CG;Congo;;12;;;;1982000;;284;Africa/Brazzaville;2025-10-31;Congo;-4.26613, 15.28318
206047;Rutshuru;Rutshuru;Ruchuru,Rutshuru,lu qiu lu,ruchuru,Рутшуру,ルチュル,魯丘魯;P;PPL;CD;Congo, Democratic Republic of the;;11;11;;;82680;;1241;Africa/Lubumbashi;2023-11-29;Congo, Democratic Republic of the;-1.18666, 29.44669
208725;Mangbwalu;Mangbwalu;Mangbwalu,Mongbwala,Mongbwalu;P;PPL;CD;Congo, Democratic Republic of the;;17;05;;;45318;;1191;Africa/Lubumbashi;2023-11-29;Congo, Democratic Republic of the;1.94468, 30.03861
215814;Isamba;Isamba;;P;PPL;CD;Congo, Democratic Republic of the;;18;07;;;8723;;507;Africa/Lubumbashi;2023-08-17;Congo, Democratic Republic of the;-4.03333, 21.98333
2313084;Mangai;Mangai;Mangai;P;PPL;CD;Congo, Democratic Republic of the;;20;06;;;63713;;342;Africa/Kinshasa;2023-11-29;Congo, Democratic Republic of the;-4.02328, 19.53385
2313371;Lukolela;Lukolela;;P;PPL;CD;Congo, Democratic Republic of the;;02;03;;;15000;;316;Africa/Kinshasa;2021-09-10;Congo, Democratic Republic of the;-1.06046, 17.1821
2255304;Sémbé;Sembe;Sembe,Ssembe,Sémbé;P;PPL;CG;Congo;;10;;;;7153;;427;Africa/Brazzaville;2023-11-29;Congo;1.64806, 14.58056
2258181;Loukoléla;Loukolela;Loukokela,Loukolela,Loukoléla,Lukolela;P;PPL;CG;Congo;;13;;;;7602;;308;Africa/Brazzaville;2023-11-29;Congo;-1.03806, 17.11389
217570;Buta;Buta;BZU,But,Buta,Бут;P;PPLA;CD;Congo, Democratic Republic of the;;13;02;;;80751;;402;Africa/Lubumbashi;2023-11-29;Congo, Democratic Republic of the;2.78582, 24.72997
2311968;Nioki;Nioki;NIO,Nioki,niuki,Ниоки,ニウーキ;P;PPL;CD;Congo, Democratic Republic of the;;24;05;;;62153;;326;Africa/Kinshasa;2023-11-29;Congo, Democratic Republic of the;-2.72037, 17.69001
2316702;Boma;Boma;BOA,Boma,Bóma,Mboma,bo ma,bolobo,boma,bwma,bwmh,poma,Μπόμα,Бома,בומה,بوما,बोमा,বোমা,બોમા,போமா,బొమ,ಬೋಲೋಬೊ,බොමා,โบมา,ბომა,ボーマ,博馬,博马,보마;P;PPL;CD;Congo, Democratic Republic of the;;08;02;;;297009;;11;Africa/Kinshasa;2023-11-29;Congo, Democratic Republic of the;-5.85098, 13.05364
2317285;Basankusu;Basankusu;BSU,Basan'kousou,Basankusa,Basankusas,Basankusu,Basankuzu,ba san khu su,ba sang ku su,basan kwsw,basanakusu,basankusu,basnkwsw,basoankusu,besankusu,pacankucu,Μπασανκούσου,Басанкусу,باسان کوسو,باسنكوسو,बसनकुसु,बेसंकुसु,বাসোাঙ্কুসু,બાસંકૂસુ,பாசாங்குசு,బసంకుసు,ಬಾಸಂಕುಸು,බසන්කුසු,บาซานคุซู,バサンクス,巴桑库苏,巴桑庫蘇,바산쿠수;P;PPL;CD;Congo, Democratic Republic of the;;02;07;;;41141;;336;Africa/Kinshasa;2023-11-29;Congo, Democratic Republic of the;1.22095, 19.80205
9946557;Kituku;Kituku;;P;PPL;CD;Congo, Democratic Republic of the;;29;04;;;66378;;783;Africa/Lubumbashi;2023-11-29;Congo, Democratic Republic of the;-7.58157, 30.20604
2255751;Olombo;Olombo;OLL,Ollombo,Olombo;P;PPL;CG;Congo;;08;;;;7821;;331;Africa/Brazzaville;2023-11-29;Congo;-1.2653, 15.89996
2259655;Impfondo;Impfondo;Desbordesville,ION,Impfondo,Imponfo,Импфондо;P;PPLA;CG;Congo;;06;;;;48939;;323;Africa/Brazzaville;2023-11-29;Congo;1.61804, 18.05981
2259788;Hinda;Hinda;Hinda,Inda;P;PPL;CG;Congo;;04;;;;3788;;107;Africa/Brazzaville;2023-11-29;Congo;-4.61333, 12.04361
2260329;Dongou;Dongou;Dongou,Dongue;P;PPL;CG;Congo;;06;;;;10188;;325;Africa/Brazzaville;2023-11-29;Congo;2.04806, 18.05472
8521334;Nkayi;Nkayi;NKY;P;PPLA2;CG;Congo;;01;;;;103000;;181;Africa/Brazzaville;2023-11-29;Congo;-4.18396, 13.2859
209000;Baudhuinville;Baudhuinville;BDV,Baudhuinville,Baudouinville,Moba,Virungu;P;PPL;CD;Congo, Democratic Republic of the;;29;04;;;81181;;1135;Africa/Lubumbashi;2023-11-29;Congo, Democratic Republic of the;-7.08408, 29.73681
212795;Kipamba;Kipamba;Kikondja,Kipamba;P;PPL;CD;Congo, Democratic Republic of the;;15;06;;;46430;;574;Africa/Lubumbashi;2024-04-20;Congo, Democratic Republic of the;-8.20591, 26.42036
214390;Kanyama;Kanyama;KNM,Kamiama,Kaniama,Kanyama;P;PPL;CD;Congo, Democratic Republic of the;;15;03;;;80043;;892;Africa/Lubumbashi;2023-11-29;Congo, Democratic Republic of the;-7.51668, 24.17404
215527;Kabinda;Kabinda;KBN,Kabinda,ka bin da,kabinda,kabynda,Кабинда,Кабінда,كابيندا,کابیندا,კაბინდა,カビンダ,卡宾达,卡賓達;P;PPL;CD;Congo, Democratic Republic of the;;21;02;;;219396;;884;Africa/Lubumbashi;2023-11-29;Congo, Democratic Republic of the;-6.13791, 24.48179
217637;Businga;Businga;Businga;P;PPL;CD;Congo, Democratic Republic of the;;26;05;;;48339;;362;Africa/Kinshasa;2023-11-29;Congo, Democratic Republic of the;3.33863, 20.88577
922741;Likasi;Likasi;Jadotstad,Jadotsville,Jadotville,Likasi,Likasis,laikasi,li ka xi,li kha chi,likaci,likasi,lykasy,rikashi,Λικάσι,Ликаси,Лікасі,Լիկասի,ליקאסי,ليكاسى,ليكاسي,لیکاسی,लिकासी,লিকাসি,લિકાસી,லிகாசி,లికాసి,ಲೈಕಾಸಿ,ලිකසි,ลิคาชิ,ლიკასი,リカシ,利卡西,리카시;P;PPL;CD;Congo, Democratic Republic of the;;14;06;;;635768;;1288;Africa/Lubumbashi;2023-11-29;Congo, Democratic Republic of the;-10.98303, 26.7384
2311127;Tshela;Tshela;Tshela;P;PPL;CD;Congo, Democratic Republic of the;;08;07;;;64210;;163;Africa/Kinshasa;2023-11-29;Congo, Democratic Republic of the;-4.99707, 12.9484
8461573;Mwene;Mwene;;P;PPL;CD;Congo, Democratic Republic of the;;22;06;;;295683;;908;Africa/Lubumbashi;2023-11-29;Congo, Democratic Republic of the;-9.81697, 22.87023
2257925;Makabana;Makabana;KMK,Makabana;P;PPL;CG;Congo;;07;;;;13401;;168;Africa/Brazzaville;2023-11-29;Congo;-3.46333, 12.60556
2261008;Baratier;Baratier;Baratier,Kibouende,Kibouendé,Kibuende;P;PPL;CG;Congo;;11;;;;1936;;381;Africa/Brazzaville;2023-11-29;Congo;-4.15417, 14.90194
2261420;Abala;Abala;;P;PPL;CG;Congo;;11;;;;2584;;706;Africa/Brazzaville;2023-11-29;Congo;-3.36, 15.47583
210379;Lusambo;Lusambo;LBO,Lusambo,Luzambo,Лусамбо;P;PPLA;CD;Congo, Democratic Republic of the;;27;02;;;49376;;432;Africa/Lubumbashi;2023-11-29;Congo, Democratic Republic of the;-4.97503, 23.44391
2256997;Mokéko;Mokeko;Mokeko,Mokelo,Mokéko,Mokélo;P;PPL;CG;Congo;;10;;;;5758;;435;Africa/Brazzaville;2023-11-29;Congo;1.56333, 15.94111
206113;Pweto;Pweto;PWO,Pweto;P;PPL;CD;Congo, Democratic Republic of the;;14;09;;;38298;;954;Africa/Lubumbashi;2023-11-29;Congo, Democratic Republic of the;-8.46604, 28.90079
213666;Katwa;Katwa;;P;PPL;CD;Congo, Democratic Republic of the;;11;10;;;89352;;1750;Africa/Lubumbashi;2023-11-29;Congo, Democratic Republic of the;0.08928, 29.30858
215558;Kabeya-Kamwanga;Kabeya-Kamwanga;Kabeya,Kabeya-Kamwanga,Kenankuna;P;PPL;CD;Congo, Democratic Republic of the;;04;07;;;44093;;649;Africa/Lubumbashi;2023-11-29;Congo, Democratic Republic of the;-5.9988, 23.25386
2316770;Bolenge;Bolenge;Bolenge,Bolongi;P;PPL;CD;Congo, Democratic Republic of the;;02;01;;;79648;;317;Africa/Kinshasa;2025-10-22;Congo, Democratic Republic of the;0.0, 18.21667
218855;Binga;Binga;Binga;P;PPL;CD;Congo, Democratic Republic of the;;25;02;;;96790;;384;Africa/Kinshasa;2023-11-29;Congo, Democratic Republic of the;2.37351, 20.49769
2312888;Mbanza-Ngungu;Mbanza-Ngungu;Mbanza-Ngungu,Thystad,Thysville,Мбанза-Нгунгу;P;PPL;CD;Congo, Democratic Republic of the;;08;13;;;142773;;735;Africa/Kinshasa;2023-11-29;Congo, Democratic Republic of the;-5.25837, 14.85838
2313002;Matadi;Matadi;MAT,Matadi,Matadis,Matady,Matidi,Matádi,ma ta di,matadi,matady,Матади,Матады,Матаді,מאטדי,ماتادی,マタディ,马塔迪,마타디;P;PPLA;CD;Congo, Democratic Republic of the;;08;01;;;425662;;183;Africa/Kinshasa;2023-11-29;Congo, Democratic Republic of the;-5.83861, 13.46306
2314302;Kinshasa;Kinshasa;FIH,Kincasa,Kinchasa,Kinchassa,Kinsas,Kinsasa,Kinsaso,Kinshasa,Kinshase,Kinsjasa,Kinszasa,Kinsásá,Kinxasa,Kinŝaso,Kinşasa,Kinšas,Kinšasa,Kînşasa,Leopoldstad,Leopoldville,Léopoldville,Quinxassa,jin sha sa,jin xia sha,kin cha sa,kinasasa,kinsaca,kinsasa,kinshasa,kinsyasa,knshasa,kynshasa,lei bao cheng,Κινσάσα,Киншаса,Киншасе,Кіншаса,Կինշասա,קינשאזע,קינשאסה,كينشاسا,کنشاسا,کنشاسہ,کینشاسا,किन्शासा,কিনশাসা,ਕਿਨਸ਼ਾਸਾ,கின்ஷாசா,കിൻഷസ,กินชาซา,ཀིན་ཤ་ས།,ကင်ရှာဆာမြို့,კინშასა,ኪንሻሳ,キンシャサ,金夏沙,金沙薩,雷堡城,킨샤사;P;PPLC;CD;Congo, Democratic Republic of the;;06;00;;;16000000;;281;Africa/Kinshasa;2023-11-29;Congo, Democratic Republic of the;-4.32758, 15.31357
2256900;Mossaka;Mossaka;Mossaka,Village Mossaka;P;PPL;CG;Congo;;13;;;;21809;;288;Africa/Brazzaville;2023-11-29;Congo;-1.21982, 16.79921
212360;Kongolo;Kongolo;KOO,Kangolo,Kongolo,Конголо;P;PPL;CD;Congo, Democratic Republic of the;;29;09;;;86932;;562;Africa/Lubumbashi;2023-11-29;Congo, Democratic Republic of the;-5.38532, 27.00029
217562;Butembo;Butembo;Butembo,RUE,Бутембо;P;PPLA3;CD;Congo, Democratic Republic of the;;11;10;287;;286242;;1736;Africa/Lubumbashi;2023-11-29;Congo, Democratic Republic of the;0.14164, 29.29117
217695;Bunia;Bunia;BUX,Bunia,Bunija,Bunya,Búnya,bu ni ya,Буниа,Буния,Буніа,布尼亞;P;PPLA;CD;Congo, Democratic Republic of the;;17;01;;;399282;;1265;Africa/Lubumbashi;2023-11-29;Congo, Democratic Republic of the;1.55941, 30.25224
922597;Malemba;Malemba;Malemba,Mulemba;P;PPL;CD;Congo, Democratic Republic of the;;22;02;;;44027;;1092;Africa/Lubumbashi;2023-11-29;Congo, Democratic Republic of the;-10.37812, 24.54516
2312393;Moanda;Moanda;MNB,Moanda,Muanda;P;PPL;CD;Congo, Democratic Republic of the;;08;03;;;128804;;30;Africa/Kinshasa;2023-11-29;Congo, Democratic Republic of the;-5.92753, 12.37148
2315579;Idiofa;Idiofa;IDF,Idiofa,Idiofo;P;PPL;CD;Congo, Democratic Republic of the;;20;06;;;87882;;681;Africa/Kinshasa;2023-11-29;Congo, Democratic Republic of the;-4.96589, 19.59151
2258080;Loutété;Loutete;Loutete,Loutété;P;PPL;CG;Congo;;01;;;;27726;;215;Africa/Brazzaville;2023-11-29;Congo;-4.29611, 13.85083
2258375;Loango;Loango;Loango;P;PPLA;CG;Congo;;04;11996206;;;0;;1;Africa/Brazzaville;2025-04-02;Congo;-4.65602, 11.81032
207596;Mweka;Mweka;MEW,Mueka,Mveka,Mweka,Мвека;P;PPL;CD;Congo, Democratic Republic of the;;18;07;;;81267;;591;Africa/Lubumbashi;2023-11-29;Congo, Democratic Republic of the;-4.85187, 21.5595
216404;Gbadolite;Gbadolite;BDT,Bado,Badolite,Gbadolite,Гбадолите;P;PPLA;CD;Congo, Democratic Republic of the;;26;01;;;73835;;416;Africa/Kinshasa;2023-11-29;Congo, Democratic Republic of the;4.279, 21.00284
923058;Kambove;Kambove;Kambove;P;PPL;CD;Congo, Democratic Republic of the;;14;05;;;99884;;1386;Africa/Lubumbashi;2023-11-29;Congo, Democratic Republic of the;-10.87352, 26.59746
2315961;Dungu;Dungu;Dunge,Dungu;P;PPL;CD;Congo, Democratic Republic of the;;24;06;;;41076;;331;Africa/Kinshasa;2023-11-29;Congo, Democratic Republic of the;-3.62437, 18.84943
2260009;Ewo;Ewo;EWO,Eouo,Ewo;P;PPLA;CG;Congo;;14;;;;11750;;536;Africa/Brazzaville;2025-11-15;Congo;-0.87465, 14.81648
2260063;Epéna;Epena;EPN,Epana,Epena,Epéna;P;PPL;CG;Congo;;06;;;;3257;;310;Africa/Brazzaville;2023-11-29;Congo;1.3525, 17.4525
209598;Manono;Manono;MNO,Manono;P;PPL;CD;Congo, Democratic Republic of the;;29;06;;;82465;;635;Africa/Lubumbashi;2023-11-29;Congo, Democratic Republic of the;-7.29862, 27.39894
218229;Bongandanga;Bongandanga;Bongandanga;P;PPL;CD;Congo, Democratic Republic of the;;25;05;;;4105;;389;Africa/Kinshasa;2021-09-10;Congo, Democratic Republic of the;1.50695, 21.0726
2312249;Mushie;Mushie;Mushie,mu xi,mwshy,myushi,موشى,موشي,ミュシー,穆希;P;PPL;CD;Congo, Democratic Republic of the;;24;11;;;61336;;325;Africa/Kinshasa;2023-11-29;Congo, Democratic Republic of the;-3.01728, 16.92238
2255542;Owando;Owando;FTX,Fort Pousset,Fort-Rousset,Ouando,Ovando,Owando,Овандо;P;PPLA;CG;Congo;;13;;;;35698;;355;Africa/Brazzaville;2023-11-29;Congo;-0.48193, 15.89988
2255564;Ouesso;Ouesso;OUE,Ouesso,Ouésso;P;PPLA;CG;Congo;;10;7731853;;;40667;;348;Africa/Brazzaville;2025-11-15;Congo;1.61361, 16.05167
2256363;Ngabé;Ngabe;N'Gaba,Ngabe,Ngabé,N’Gaba;P;PPL;CG;Congo;;11;;;;2508;;272;Africa/Brazzaville;2023-11-29;Congo;-3.21472, 16.17361
2566818;Kimongo;Kimongo;;P;PPL;CG;Congo;;07;;;;4278;;393;Africa/Brazzaville;2023-11-29;Congo;-4.475, 12.9425
209228;Mbuji-Mayi;Mbuji-Mayi;Bakwanga,Boutzi-Magi,MJM,Mbudzi Maji,Mbuji-Mayi,Mbuzhi-Mai,Mbuzhi-Maji,Mbuzhy-Mai,mbwg'y-mʼyy,mu bu ji ma yi,Μπούτζι-Μάγι,Мбужи-Майи,Мбужы-Маі,Мбужі-Маї,Мбуџи Маји,מבוג'י-מאיי,姆布吉马伊;P;PPLA;CD;Congo, Democratic Republic of the;;04;01;;;2101332;;621;Africa/Lubumbashi;2025-05-06;Congo, Democratic Republic of the;-6.13603, 23.58979
210939;Luebo;Luebo;Luebo;P;PPL;CD;Congo, Democratic Republic of the;;18;04;;;45443;;498;Africa/Lubumbashi;2024-02-08;Congo, Democratic Republic of the;-5.35218, 21.42192
213940;Kasongo;Kasongo;Kasongo,Kazongo,Piani Kasongo,Saint Charles,St Charles,Tongoni,Tongoni Kapaya,Касонго;P;PPL;CD;Congo, Democratic Republic of the;;10;11;;;81629;;640;Africa/Lubumbashi;2023-11-29;Congo, Democratic Republic of the;-4.42741, 26.66656
214925;Kalima;Kalima;Kalima;P;PPL;CD;Congo, Democratic Republic of the;;29;10;;;72327;;755;Africa/Lubumbashi;2023-11-29;Congo, Democratic Republic of the;-5.4854, 28.21601
2254814;Zanaga;Zanaga;ANJ,Zanaga;P;PPL;CG;Congo;;05;;;;5941;;574;Africa/Brazzaville;2023-11-29;Congo;-2.85028, 13.82611
2256027;Ntokou-Raymondville;Ntokou-Raymondville;Ntokou-Raymondville,Ntokou-Remondville;P;PPL;CG;Congo;;13;11996205;;;5909;;304;Africa/Brazzaville;2025-10-22;Congo;0.0, 16.39083
2257389;Mbinda;Mbinda;Mbinda;P;PPL;CG;Congo;;07;;;;6335;;643;Africa/Brazzaville;2023-11-29;Congo;-2.10778, 12.87083
2258604;Bouansa;Bouansa;Bouansa,Bouenza,Le Briz,Moukoukoulou,Moukoulou,Moukouloukoulou;P;PPL;CG;Congo;;01;;;;27512;;199;Africa/Brazzaville;2023-11-29;Congo;-4.21861, 13.76167
2259077;Kindamba;Kindamba;Kindamba,Kindanba,Kindemba;P;PPL;CG;Congo;;11;;;;8630;;441;Africa/Brazzaville;2023-11-29;Congo;-3.7275, 14.52111
2259383;Kayes;Kayes;Jacob,Kai,Kajes,Kaye,Kayes,Kaï,Кайес;P;PPL;CG;Congo;;01;;;;58737;;165;Africa/Brazzaville;2013-04-13;Congo;-4.20493, 13.28608
215771;Isiro;Isiro;IRP,Isirio,Isiro,Paulis,Исиро;P;PPLA;CD;Congo, Democratic Republic of the;;16;01;;;255409;;761;Africa/Lubumbashi;2023-11-29;Congo, Democratic Republic of the;2.77391, 27.61603
922559;Mokambo;Mokambo;;P;PPL;CD;Congo, Democratic Republic of the;;14;04;;;34762;;1334;Africa/Lubumbashi;2023-11-29;Congo, Democratic Republic of the;-12.42765, 28.34684
