Geoname ID;Name;ASCII Name;Alternate Names;Feature Class;Feature Code;Country Code;Country name EN;Country Code 2;Admin1 Code;Admin2 Code;Admin3 Code;Admin4 Code;Population;Elevation;DIgital Elevation Model;Timezone;Modification date;LABEL EN;Coordinates
921918;Dembéni;Dembeni;Debeni,Dembeni,Dembéni,Djembeni;P;PPL;KM;Comoros;;02;;;;2657;;280;Indian/Comoro;2023-11-29;Comoros;-11.87361, 43.39778
921956;Bouni;Bouni;Bouni;P;PPL;KM;Comoros;;02;;;;1104;;241;Indian/Comoro;2012-01-18;Comoros;-11.48694, 43.38833
1054192;Vavatenina;Vavatenina;Vavatenina,wa wa tai ni na,wwtnyna,Ваватенина,ووتنینا,瓦瓦泰尼納;P;PPL;MG;Madagascar;;32;32315;32315010;32315010008;37861;;117;Indian/Antananarivo;2023-12-21;Madagascar;-17.46667, 49.2
1059059;Miandrarivo;Miandrarivo;Miandrarivo,myandraryww,Миандрариво,میاندراریوو;P;PPL;MG;Madagascar;;12;12116;12116150;12116150006;27000;;1424;Indian/Antananarivo;2018-09-10;Madagascar;-19.43333, 46.75
1070523;Antanimena;Antanimena;Antanimena,antanymna,آنتانیمنا;P;PPL;MG;Madagascar;;51;51520;51520191;51520191006;4000;;79;Indian/Antananarivo;2018-09-10;Madagascar;-23.55, 44.1
1081530;Ambodifotatra;Ambodifotatra;Ambodifotatra,Ambodifototra;P;PPL;MG;Madagascar;;32;;;;28406;;-9999;Indian/Antananarivo;2023-12-21;Madagascar;-16.98333, 49.85
934126;Queen Victoria;Queen Victoria;Queen Victoria;P;PPL;MU;Mauritius;;13;;;;3025;;129;Indian/Mauritius;2018-12-05;Mauritius;-20.22, 57.7075
934282;Midlands;Midlands;;P;PPL;MU;Mauritius;;17;;;;4546;;303;Indian/Mauritius;2024-02-16;Mauritius;-20.338, 57.567
1337619;Un’goofaaru;Un'goofaaru;U'ngoofaaru,Ugoofaaru,Un'goofaaru,Un’goofaaru,U’ngoofaaru;P;PPLA;MV;Maldives;;44;;;;1575;;9;Indian/Maldives;2022-09-22;Maldives;5.66812, 73.03017
11103468;Guraidhoo;Guraidhoo;;P;PPL;MV;Maldives;;38;;;;1800;1;-1;Indian/Maldives;2017-12-28;Maldives;3.90045, 73.46623
11694889;Bel Air;Bel Air;;P;PPLX;SC;Seychelles;;09;;;;3129;;193;Indian/Mahe;2025-10-02;Seychelles;-4.62947, 55.44547
1090455;Tsimkoura;Tsimkoura;Tsimkoura;P;PPL;YT;;;97606;;;;1406;;14;Indian/Mayotte;2024-01-29;;-12.93934, 45.13739
921772;Moroni;Moroni;Maroni,Moroni,Moronio,Moronis,Morony,Moròni,Muruni,Móróní,YVA,mo luo ni,mo ro ni,moloni,moroni,muruni,mwrwny,Μορονί,Мароні,Морони,Мороні,Մորոնի,מורוני,موروني,مورونی,مۆرۆنی,मोरोनी,ਮੋਰੋਨੀ,மூறூனீ,โมโรนี,མོ་རོ་ནི།,მორონი,ሞሮኒ,モロニ,莫洛尼,莫羅尼,모로니;P;PPLC;KM;Comoros;;02;;;;74749;;27;Indian/Comoro;2023-11-29;Comoros;-11.70216, 43.25506
1091159;Limbi;Limbi;Limbi,lymby,ليمبى,ليمبي,لیمبی;P;PPL;KM;Comoros;;01;;;;1037;;380;Indian/Comoro;2013-04-05;Comoros;-12.23944, 44.50528
1092169;Tsidjé;Tsidje;Tsidje,Tsidjé;P;PPL;KM;Comoros;;02;;;;4600;;344;Indian/Comoro;2023-12-02;Comoros;-11.70137, 43.27057
1055059;Tsaratanana;Tsaratanana;Caratanana,TTS,Tsaratanana,cha la ta na na,tsaratanana,tsuaratanana,Царатанана,تساراتانانا,ツァラタナナ,察拉塔納納,察拉塔纳纳;P;PPL;MG;Madagascar;;43;43408;43408010;43408010011;26446;;349;Indian/Antananarivo;2023-12-21;Madagascar;-16.79706, 47.65165
1055433;Tôlanaro;Tolanaro;FTU,Faradofay,Fort-Dauphin,Taolanaro,Tolagnaro,Tolanaro,Tôlagnaro,Tôlanaro;P;PPLA;MG;Madagascar;;53;53515;;;71258;;27;Indian/Antananarivo;2023-12-21;Madagascar;-25.03249, 46.98329
1064334;Ifatsy;Ifatsy;Efasy,Efatsy,Ifatsy,Lfatsy;P;PPL;MG;Madagascar;;26;23212;23212211;23212211001;15000;;8;Indian/Antananarivo;2022-09-30;Madagascar;-22.4, 47.75
1070940;Antananarivo;Antananarivo;Antananarifo,Antananarivo,Antananarivu,Antananariwo,Antananaryvas,Antananaryvu,Antananarywa,Antananarívó,Antenenerivo,TNR,Tana,Tananaribe,Tananarive,an ta na na li fu,anatananaribho,anrananarivea,antananalibo,antananaribho,antananaribo,antananarivho,antananarivo,antananaryfw,antananaryww,antʼananarivu,atananarivo,ta na na li fu,xan ta nana ri wo,Ανταναναρίβο,Ταναναρίβη,Антананариво,Антананариву,Антананарыву,Антананаріву,Тананариве,Անտանանարիվու,אנטאנאנאריווא,אנטננריבו,آنتاناناریوو,أنتاناناريفو,ئانتاناناریڤۆ,انٹاناناریوو,اینٹانانیریو,अंतानानारिव्हो,अन्टाननरीवो,আনতানানারিভো,আন্তানানারিভো,ਅੰਤਾਨਾਨਾਰੀਵੋ,அண்டனானரீவோ,ആന്റനനറീവൊ,อันตานานาริโว,ཨེན་ཊ་ན་ན་རི་བོ།,ანტანანარივუ,አንታናናሪቮ,アンタナナリボ,塔那那利佛,安塔那那利佛,안타나나리보;P;PPLC;MG;Madagascar;;11;;;;1349501;;1274;Indian/Antananarivo;2025-05-18;Madagascar;-18.91368, 47.53613
1071296;Antalaha;Antalaha;ANM,Antalaha,Antalakhi,Анталахи;P;PPL;MG;Madagascar;;72;72710;72710010;72710010001;71898;;13;Indian/Antananarivo;2023-12-21;Madagascar;-14.90033, 50.27876
1072849;Ankazobe;Ankazobe;;P;PPL;MG;Madagascar;;11;11104;11104010;11104010009;28430;;1231;Indian/Antananarivo;2023-12-21;Madagascar;-18.31667, 47.11667
1080438;Ambohimahasoa;Ambohimahasoa;;P;PPL;MG;Madagascar;;21;21208;21208030;21208030001;12291;;1141;Indian/Antananarivo;2023-12-21;Madagascar;-21.11667, 47.21667
1083257;Ambato Boeny;Ambato Boeny;Ambato,Ambato Boeni,Ambato Boeny,Ambatoboeny;P;PPL;MG;Madagascar;;41;41405;41405019;41405019001;35432;;36;Indian/Antananarivo;2023-12-21;Madagascar;-16.46667, 46.71667
934479;Grand Gaube;Grand Gaube;Grand Gaube,Grande Gaube;P;PPL;MU;Mauritius;;19;;;;7706;;10;Indian/Mauritius;2024-01-18;Mauritius;-20.00639, 57.66083
934533;Espérance Trébuchet;Esperance Trebuchet;Esperance,Esperance Trebuchet,Espérance,Espérance Trébuchet;P;PPL;MU;Mauritius;;19;;;;2323;;66;Indian/Mauritius;2012-01-18;Mauritius;-20.06972, 57.64194
934599;Clémencia;Clemencia;Clemencia,Clémencia;P;PPL;MU;Mauritius;;13;;;;1835;;108;Indian/Mauritius;2018-12-05;Mauritius;-20.26389, 57.70611
1106611;Péreybère;Pereybere;Pereybere,Pereybèré;P;PPL;MU;Mauritius;;19;;;;5000;;6;Indian/Mauritius;2025-07-01;Mauritius;-19.99883, 57.5885
1106677;Bambous Virieux;Bambous Virieux;Bambous Virieux;P;PPL;MU;Mauritius;;14;;;;1540;;45;Indian/Mauritius;2018-12-06;Mauritius;-20.34278, 57.7575
8199111;Cargados Carajos;Cargados Carajos;Saint Brandon;P;PPLA;MU;Mauritius;;22;;;;63;;-9999;Indian/Mauritius;2013-07-10;Mauritius;-16.60329, 59.65851
7911024;Madifushi;Madifushi;;P;PPL;MV;Maldives;;46;;;;1110;;9;Indian/Maldives;2023-06-26;Maldives;2.35582, 73.35473
241131;Victoria;Victoria;Biktoria,Fiktoria,Mahe,Mahé,Port Victoria,Victoria,Victoria pa Seychellane,Victoria på Seychellane,Victòria,Viktori,Viktoria,Viktorii,Viktorija,Viktorio,Viktoriya,Viktorya,Viktoryja,Wiktoria,bigtolia,fyktwrya,vhiktoriya,vikatori'a,viktoriya,vuikutoria,wei duo li ya,wiktxreiy,wyktwrya,wyqtwryh,Βικτόρια,Βικτώρια,Виктори,Виктория,Викторија,Вікторыя,Вікторія,Վիկտորիա,ויקטוריה,فيكتوريا,وکٹوریا,وکٹوریہ,ویکتوریا,ڤیکتۆریا، سیشێل,व्हिक्टोरिया,ਵਿਕਟੋਰੀਆ,விக்டோரியா,วิกตอเรีย,ཝིག་ཐོ་རི་ཡ།,ვიქტორია,ቪክቶሪያ፥ ሲሸልስ,ヴィクトリア,維多利亞,维多利亚,빅토리아;P;PPLC;SC;Seychelles;;26;;;;22881;;4;Indian/Mahe;2019-09-05;Seychelles;-4.62001, 55.45501
935146;Les Trois-Bassins;Les Trois-Bassins;Les Trois-Bassins;P;PPLA4;RE;Réunion;;RE;974;9744;97423;7114;;801;Indian/Reunion;2017-01-10;Réunion;-21.1, 55.3
935251;Sainte-Rose;Sainte-Rose;Sainte-Rose;P;PPL;RE;Réunion;;RE;974;9743;97419;7035;;33;Indian/Reunion;2018-06-08;Réunion;-21.12858, 55.79616
241395;Cascade;Cascade;Kaskad,khæ s khed,Каскад,แคสเคด;P;PPLA;SC;Seychelles;;11;;;;7263;;42;Indian/Mahe;2025-12-03;Seychelles;-4.66915, 55.49952
935248;Sainte-Suzanne;Sainte-Suzanne;Sainte-Suzanne;P;PPL;RE;Réunion;;RE;974;9741;97420;24293;;10;Indian/Reunion;2024-01-18;Réunion;-20.90616, 55.60788
1090425;Mtsamoudou;Mtsamoudou;M'Samoudou,Moutsamoudou,Mtsamoudou;P;PPL;YT;;;97603;;;;1923;;46;Indian/Mayotte;2024-01-29;;-12.96232, 45.17449
921661;Vanambouani;Vanambouani;Vanamboini,Vanambouani,fanambwyny,wnmbyny,Ванамбоуани,فانامبوينى,فانامبويني,ونمبینی;P;PPL;KM;Comoros;;02;;;;1654;;76;Indian/Comoro;2012-01-18;Comoros;-11.61139, 43.25306
921762;Mrémani;Mremani;Mremani,Mrenani,Mrémani,mrmany,muremani,مرمانی,ムレマニ;P;PPL;KM;Comoros;;01;;;;5470;;652;Indian/Comoro;2023-11-29;Comoros;-12.30833, 44.49861
1091102;Harembo;Harembo;Harembo,Kharembo,harmbw,Харембо,هارمبو;P;PPL;KM;Comoros;;01;;;;1698;;54;Indian/Comoro;2018-11-26;Comoros;-12.15108, 44.49828
1091370;Lingoni;Lingoni;Lingoni,lyngwny,lynkny,lynqwny,Лингони,لينكنى,لينكني,لینقونی,لینگونی;P;PPL;KM;Comoros;;01;;;;3583;;208;Indian/Comoro;2018-07-23;Comoros;-12.25583, 44.41833
1091996;Mnoungou;Mnoungou;Mnoungou;P;PPL;KM;Comoros;;02;;;;1013;;515;Indian/Comoro;2018-12-05;Comoros;-11.51778, 43.37389
1092516;Madjeouéni;Madjeoueni;Madjeoueni,Madjeouéni;P;PPL;KM;Comoros;;02;;;;1320;;35;Indian/Comoro;2012-01-19;Comoros;-11.82167, 43.27806
1058080;Nosy Varika;Nosy Varika;Nosy Varika,Nosy-Varika,nu xi wa li ka,nwsy waryka,نوسی واریکا,努西瓦里卡;P;PPL;MG;Madagascar;;27;23207;23207010;23207010001;37152;;8;Indian/Antananarivo;2022-09-30;Madagascar;-20.58333, 48.53333
1061028;Mandritsara;Mandritsara;Mandritsara,WMA;P;PPLA2;MG;Madagascar;;42;42410;42410010;42410010004;0;;307;Indian/Antananarivo;2018-09-11;Madagascar;-15.85744, 48.82824
1065140;Faratsiho;Faratsiho;;P;PPL;MG;Madagascar;;12;12116;12116010;12116010001;37563;;1729;Indian/Antananarivo;2018-09-10;Madagascar;-19.4, 46.95
1071299;Antakotako;Antakotako;Antakotako,Antakutaku,antakwtakw,Антакутаку,آنتاکوتاکو;P;PPL;MG;Madagascar;;32;32303;32303052;32303052001;11000;;62;Indian/Antananarivo;2018-09-10;Madagascar;-15.31667, 49.8
1072711;Ankazondandy;Ankazondandy;;P;PPL;MG;Madagascar;;11;11106;11106351;11106351015;16000;;1378;Indian/Antananarivo;2018-09-10;Madagascar;-18.7, 47.78333
934085;Roches Noire;Roches Noire;Roche Noire,Roche Noires,Roches Noire,Roches Noires;P;PPL;MU;Mauritius;;19;;;;5733;;23;Indian/Mauritius;2018-03-21;Mauritius;-20.11111, 57.71222
934277;Moka;Moka;Moka,Moka Village;P;PPL;MU;Mauritius;;15;;;;9364;;359;Indian/Mauritius;2024-01-18;Mauritius;-20.21904, 57.51083
934812;Albion;Albion;;P;PPL;MU;Mauritius;;12;;;;3254;;10;Indian/Mauritius;2018-01-18;Mauritius;-20.20814, 57.40766
1106813;Arsenal;Arsenal;Arsenal;P;PPL;MU;Mauritius;;16;;;;2599;;40;Indian/Mauritius;2018-12-06;Mauritius;-20.10556, 57.53528
1545752;Port Mathurin;Port Mathurin;Port Mathurin;P;PPLA;MU;Mauritius;;23;;;;8350;;44;Indian/Mauritius;2024-01-18;Mauritius;-19.68333, 63.41667
1282256;Hithadhoo;Hithadhoo;Hitaddu,Hithadhoo,hitadu,ހިތަދޫ;P;PPLA;MV;Maldives;;01;;;;9927;;6;Indian/Maldives;2025-08-18;Maldives;-0.6, 73.08333
1090225;Koungou;Koungou;Kongo,Koungou;P;PPLA;YT;;;97610;;;;18118;;40;Indian/Mayotte;2012-02-07;;-12.73361, 45.20417
8629285;Grand'Anse;Grand'Anse;;P;PPL;SC;Seychelles;;14;;;;4344;;5;Indian/Mahe;2025-10-02;Seychelles;-4.33109, 55.72206
10793745;Baie Lazare;Baie Lazare;;P;PPL;SC;Seychelles;;06;;;;4795;;97;Indian/Mahe;2025-10-02;Seychelles;-4.74971, 55.4754
921858;Héroumbili;Heroumbili;Heroumbili,Héroumbili,Iroumbili,Irumbilli;P;PPL;KM;Comoros;;02;;;;1463;;396;Indian/Comoro;2020-06-10;Comoros;-11.54389, 43.37972
1091390;Magnassini-Nindri;Magnassini-Nindri;Magnassini-Nindri,majnasyny nyndry,ماجناسينى نيندرى,ماجناسيني نيندري;P;PPL;KM;Comoros;;01;;;;2213;;93;Indian/Comoro;2013-04-05;Comoros;-12.27806, 44.41583
1091828;Hantsindzi;Hantsindzi;Hantsindzi;P;PPL;KM;Comoros;;02;;;;2004;;19;Indian/Comoro;2014-03-26;Comoros;-11.43178, 43.41102
1053778;Vohipaho;Vohipaho;Vohipaha,Vohipaho,Vokhipakho,wwhypahw,Вохипахо,ووهیپاهو;P;PPL;MG;Madagascar;;25;25214;25214171;25214171001;27000;;14;Indian/Antananarivo;2018-09-10;Madagascar;-23.55, 47.5
1059628;Marovantaza;Marovantaza;Marovantaza,marwfantaza,marwwantaza,ماروفانتازا,مارووانتازا;P;PPL;MG;Madagascar;;42;42411;42411150;42411150001;10504;;44;Indian/Antananarivo;2025-09-25;Madagascar;-15.38333, 47.66667
1060007;Marolambo;Marolambo;;P;PPL;MG;Madagascar;;31;31309;31309010;31309010020;26160;;424;Indian/Antananarivo;2018-09-10;Madagascar;-20.05, 48.11667
1066831;Beroroha;Beroroha;Beroroha,Beroroho,Beroroka,WBO;P;PPL;MG;Madagascar;;51;51503;51503011;51503011001;18632;;205;Indian/Antananarivo;2018-09-10;Madagascar;-21.66667, 45.16667
1067487;Bemaitso;Bemaitso;Bemaico,Bemaitso,bmaytsw,Бемаицо,بمایتسو;P;PPL;MG;Madagascar;;33;33316;33316012;33316012001;8000;;937;Indian/Antananarivo;2018-09-10;Madagascar;-17.06667, 48.5
934089;Grande Rivière Noire;Grande Riviere Noire;Black River,Grand Riviere Noire,Grand Rivière Noire,Grande Riviere Noire,Grande Rivière Noire,Riviere Noire,Rivière Noire;P;PPL;MU;Mauritius;;12;;;;2361;;-9999;Indian/Mauritius;2020-06-10;Mauritius;-20.36028, 57.36611
934154;Port Louis;Port Louis;Bort Lois,Po-Loui,Por Loui,Por-Loui,Port Lois,Port Louis,Port Louis Town,Port Lui,Port Luis,Port Luisas,Port Luiz,Port-Louis,Port-Lui,Port-Luiso,Port-lui,Portlui,Portluī,Portus Ludovici,Puerto Louis,Pò-Loui,bwr lwys,lu yi gang,phxrt hluys,porata lu'i,port luyis,porta lu'i,porta lu'isa,poteulu-iseu,potoruisu,pwr lwʼy,Πορ Λουί,Πορ-Λουί,Порт Луи,Порт Луис,Порт-Луи,Порт-Луі,Порт-Луї,Պորտ Լուի,פור לואי,بور لويس,پورت‌لوئیس,پورٹ لوئس,پورٹ لوئی,پۆرت لویس,पोर्ट लुई,पोर्ट लुईस,পোর্ট লুইস,ਪੋਰਟ ਲੂਈ,ପୋର୍ଟ ଲୁଇସ,போர்ட் லூயிஸ்,പോർട്ട് ലൂയിസ്,พอร์ตหลุยส์,ལོ་ཡི་སི་གྲུ་ཁ།,პორტ-ლუი,ፖርት ሉዊስ,ポートルイス,路易港,포트루이스;P;PPLC;MU;Mauritius;;18;;;;155226;;3;Indian/Mauritius;2019-09-05;Mauritius;-20.16194, 57.49889
934255;Piton;Piton;Mont Piton,Piton;P;PPL;MU;Mauritius;;19;;;;5909;;96;Indian/Mauritius;2012-01-18;Mauritius;-20.09028, 57.63028
934333;Long Mountain;Long Mountain;Long Mountain,Mont Longue;P;PPL;MU;Mauritius;;16;;;;7775;;158;Indian/Mauritius;2025-02-03;Mauritius;-20.151, 57.573
934475;Grande Rivière Sud Est;Grande Riviere Sud Est;Grand River,Grand River South East,Grande Reviere Sud Est,Grande Riviere Sud Est,Grande Rivière Sud Est;P;PPL;MU;Mauritius;;13;;;;2472;;47;Indian/Mauritius;2020-06-10;Mauritius;-20.28611, 57.77583
1281980;Meedhoo;Meedhoo;;P;PPL;MV;Maldives;;01;;;;1726;;1;Indian/Maldives;2011-07-15;Maldives;-0.58333, 73.23333
1337613;Kulhudhuffushi;Kulhudhuffushi;HDK,Kulhudhuffushi;P;PPLA;MV;Maldives;;37;;;;9500;;6;Indian/Maldives;2019-08-26;Maldives;6.62207, 73.06998
12196228;Vaadhoo;Vaadhoo;;P;PPL;MV;Maldives;;35;;;;1471;;8;Indian/Maldives;2020-11-22;Maldives;0.22668, 73.27262
1090186;Miréréni;Mirereni;Mirereni,Miréréni;P;PPL;YT;;;97617;;;;3364;;130;Indian/Mayotte;2024-01-29;;-12.78867, 45.14113
1090221;Kangani;Kangani;Kangani;P;PPL;YT;;;97610;;;;1022;;20;Indian/Mayotte;2024-01-29;;-12.73186, 45.18694
1090461;Mzouazia;Mzouazia;Mzouazia;P;PPL;YT;;;97604;;;;1159;;12;Indian/Mayotte;2024-01-29;;-12.92717, 45.10336
6691843;Baie Sainte Anne;Baie Sainte Anne;;P;PPL;SC;Seychelles;;07;;;;5063;;8;Indian/Mahe;2025-10-02;Seychelles;-4.31997, 55.75338
921745;Nioumachoua;Nioumachoua;Niomachoi,Nioumachoi,Nioumachoua,Nioumgchoi,Numa Choa;P;PPL;KM;Comoros;;03;;;;2687;;14;Indian/Comoro;2023-11-29;Comoros;-12.36139, 43.71528
1090930;Bandajou;Bandajou;Bandajou;P;PPL;KM;Comoros;;01;;;;1816;;40;Indian/Comoro;2012-01-19;Comoros;-12.19167, 44.28694
1056487;Soalala;Soalala;DWB,Soalala,su a la la,suarara,swlala,سولالا,スアララ,苏阿拉拉,蘇阿拉拉;P;PPL;MG;Madagascar;;41;41403;;;15174;;-9999;Indian/Antananarivo;2023-12-30;Madagascar;-16.1, 45.31667
1065158;Farafangana;Farafangana;RVA;P;PPLA;MG;Madagascar;;25;25213;25213010;;36724;;12;Indian/Antananarivo;2023-12-21;Madagascar;-22.82223, 47.82615
1069166;Antsirabe;Antsirabe;ATJ,Ancirabe,Ancirabė,Antisrabe,Antsirabe,Sirabe,an qi la bei,anchilabe,antsuirabe,antsyraby,Анцирабе,אנטסיראבה,أنتسيرابي,アンツィラベ,安齐拉贝,안치라베;P;PPLA;MG;Madagascar;;12;12108;;;260907;;1513;Indian/Antananarivo;2023-12-21;Madagascar;-19.86586, 47.03333
1077349;Anakao;Anakao;Anakao,a na kao,anakayw,Анакао,اناکائو,阿納考;P;PPL;MG;Madagascar;;51;51520;51520132;51520132001;3000;;2;Indian/Antananarivo;2018-09-10;Madagascar;-23.66667, 43.65
933970;The Vale;The Vale;Lyman Estate,The Vale;P;PPL;MU;Mauritius;;19;;;;3707;;39;Indian/Mauritius;2019-07-11;Mauritius;-20.03018, 57.60219
934149;Poste de Flacq;Poste de Flacq;Post of Flacq,Poste de Flacq;P;PPL;MU;Mauritius;;13;;;;8659;;22;Indian/Mauritius;2024-01-18;Mauritius;-20.16306, 57.73056
934343;L’Escalier;L'Escalier;Escalier,L'Escalier,L’Escalier;P;PPL;MU;Mauritius;;14;;;;7899;;98;Indian/Mauritius;2024-01-18;Mauritius;-20.47, 57.61222
934390;Lalmatie;Lalmatie;Lalmatie;P;PPL;MU;Mauritius;;13;;;;10641;;215;Indian/Mauritius;2024-01-18;Mauritius;-20.18972, 57.66111
934482;Grand Baie;Grand Baie;Grand Baie,Grand-Baie,Grand-Be,Grande Baie,ge lang de bei,ghrand bay,Гранд-Бе,غراند باي,格朗德贝;P;PPL;MU;Mauritius;;19;;;;12173;;10;Indian/Mauritius;2024-01-18;Mauritius;-20.01816, 57.58015
934488;Goodlands;Goodlands;Godlands,Goodlands,gu de lan ci,guddoranzu,gwdlnds,Годландс,גודלנדס,グッドランズ,古德兰兹;P;PPL;MU;Mauritius;;19;;;;21063;;45;Indian/Mauritius;2024-01-18;Mauritius;-20.03841, 57.65055
934513;Fond du Sac;Fond du Sac;Fond du Sac,feng di sa ke,丰迪萨克;P;PPL;MU;Mauritius;;16;;;;5796;;46;Indian/Mauritius;2019-07-11;Mauritius;-20.04732, 57.584
934693;Bon Accueil;Bon Accueil;Bon Accueil;P;PPL;MU;Mauritius;;13;;;;6553;;136;Indian/Mauritius;2025-01-20;Mauritius;-20.175, 57.672
1106748;Ebene;Ebene;Ebene City,Ebene CyberCity;P;PPL;MU;Mauritius;;17;;;;1001;;312;Indian/Mauritius;2014-08-11;Mauritius;-20.24494, 57.49163
935210;Salazie;Salazie;Salazi,Salazie,Salazie Village,Салазі;P;PPL;RE;Réunion;;RE;974;9743;97421;7696;;452;Indian/Reunion;2018-06-08;Réunion;-21.0271, 55.5395
935225;Saint-Leu;Saint-Leu;Saint-Leu,Sankt-Leu,saengloe,Санкт-Леу,생뢰;P;PPL;RE;Réunion;;RE;974;9744;97413;34893;;10;Indian/Reunion;2024-01-18;Réunion;-21.17059, 55.28824
935975;Cilaos;Cilaos;Cilaos,Silao,Сілао;P;PPL;RE;Réunion;;RE;974;9742;97424;6225;;1217;Indian/Reunion;2018-06-08;Réunion;-21.13641, 55.47187
1090108;Handréma;Handrema;Andrema,Andréma,Handrema,Handréma;P;PPL;YT;;;97602;;;;1829;;11;Indian/Mayotte;2024-01-29;;-12.68112, 45.09965
1090266;Sohoa;Sohoa;Sohoa;P;PPL;YT;;;97605;;;;1545;;37;Indian/Mayotte;2024-01-29;;-12.82233, 45.10552
921786;Mitsamiouli;Mitsamiouli;Mitsamihouh,Mitsamiouli,Mitsumiuli,Mtamuhuli;P;PPL;KM;Comoros;;02;;;;4811;;48;Indian/Comoro;2023-11-29;Comoros;-11.38472, 43.28444
921814;Maraharé;Marahare;Marahabe,Marahabé,Marahare,Maraharé,marahary,ماراهارى,ماراهاري;P;PPL;KM;Comoros;;01;;;;1415;;81;Indian/Comoro;2012-01-18;Comoros;-12.23083, 44.31333
921913;Djoyézi;Djoyezi;Djoiezi,Djoyezi,Djoyézi,Mudjiauesi,Mujiauesi;P;PPL;KM;Comoros;;03;;;;2096;;15;Indian/Comoro;2023-11-29;Comoros;-12.30587, 43.77425
921957;Boungouéni;Boungoueni;Boungoueni,Boungouéni;P;PPL;KM;Comoros;;01;;;;2465;;412;Indian/Comoro;2012-01-18;Comoros;-12.20556, 44.29944
921992;Bambao;Bambao;Bambao,Bambao M'Sanga,Bambao M’Sanga;P;PPL;KM;Comoros;;01;;;;2699;;25;Indian/Comoro;2018-11-26;Comoros;-12.20325, 44.51638
1091121;Pajé;Paje;;P;PPL;KM;Comoros;;01;;;;1894;;-9999;Indian/Comoro;2006-01-17;Comoros;-12.16972, 44.38806
1054257;Vatomandry;Vatomandry;VAT,Vatomandry;P;PPL;MG;Madagascar;;31;31307;31307010;31307010009;16771;;5;Indian/Antananarivo;2023-12-21;Madagascar;-19.33018, 48.97791
1057277;Sahavato;Sahavato;Sahavato,sahawatw,ساهاواتو,سہاواتو;P;PPL;MG;Madagascar;;27;23207;23207070;23207070002;28000;;54;Indian/Antananarivo;2022-09-30;Madagascar;-20.6, 48.33333
1057681;Sadjoavato;Sadjoavato;Sadjoavato,Sadjovato,sadjwawatw,sdjwawatw,سادجوآواتو,سدجواواتو;P;PPL;MG;Madagascar;;71;71713;71713151;71713151001;7600;;268;Indian/Antananarivo;2018-09-10;Madagascar;-12.61667, 49.35
1058381;Morondava;Morondava;MOQ,Morondava,Murundava,molondaba,morondaba,mu long da wa,Мурундава,モロンダバ,穆龙达瓦,모론다바;P;PPLA;MG;Madagascar;;54;54508;54508010;;56671;;8;Indian/Antananarivo;2023-12-21;Madagascar;-20.28869, 44.31782
1062626;Mahalina;Mahalina;Mahalina,Makhalina,mahalyna,Махалина,ماهالینا;P;PPL;MG;Madagascar;;71;;;;2217;;-9999;Indian/Antananarivo;2018-09-07;Madagascar;-12.53333, 48.81667
1064275;Ihosy;Ihosy;IHO,Ihosy;P;PPLA;MG;Madagascar;;24;24216;24216010;;41892;;733;Indian/Antananarivo;2023-12-21;Madagascar;-22.40293, 46.12576
1079777;Ambohitrolomahitsy;Ambohitrolomahitsy;Ambohitrolomahitsy,Ambokhitrolomakhicj,ambrwhytralwmahytsy,an bu xi te lu lu ma xi qi,Амбохитроломахицй,امبروهیترالوماهیتسی,安布希特鲁卢马希齐;P;PPL;MG;Madagascar;;11;11106;11106371;11106371010;17000;;1502;Indian/Antananarivo;2018-09-10;Madagascar;-18.7, 47.68333
1081199;Ambodimanga II;Ambodimanga II;Ambodimanga,Ambodimanga II,ambwdymananga 2,ambwdymananqa 2,امبودیمانانقا ۲,امبودیمانانگا ۲;P;PPL;MG;Madagascar;;32;32305;32305130;32305130001;33000;;202;Indian/Antananarivo;2025-08-29;Madagascar;-17.26667, 49.16667
1081798;Amboasary;Amboasary;Amboasary;P;PPLA2;MG;Madagascar;;53;53519;53519250;;0;;217;Indian/Antananarivo;2023-06-28;Madagascar;-24.33333, 45.95
1082639;Ambatondrazaka;Ambatondrazaka;Ambatondrazaka,Ambatonoradrazaka,Ambatundrazaka,WAM,ambatwndrazak,an ba tong de la zha ka,Амбатундразака,امباتوندرازاک,安巴通德拉扎卡;P;PPLA;MG;Madagascar;;33;33313;33313010;;50463;;768;Indian/Antananarivo;2023-12-21;Madagascar;-17.83333, 48.41667
934076;Roche Terre;Roche Terre;Roche Terre;P;PPL;MU;Mauritius;;19;;;;3199;;23;Indian/Mauritius;2018-12-05;Mauritius;-20.01861, 57.64472
934624;Chamouny;Chamouny;Chamouny;P;PPL;MU;Mauritius;;20;;;;4913;;131;Indian/Mauritius;2018-12-05;Mauritius;-20.48222, 57.46611
1106771;Mapou;Mapou;Mapou,ma pu,mapu,Мапоу,マプー,馬普,马普;P;PPL;MU;Mauritius;;19;;;;1288;;91;Indian/Mauritius;2012-01-20;Mauritius;-20.07583, 57.60139
7874641;Fonadhoo;Fonadhoo;;P;PPLA;MV;Maldives;;05;;;;1773;;7;Indian/Maldives;2013-07-04;Maldives;1.83243, 73.50257
7910632;Vilufushi;Vilufushi;;P;PPL;MV;Maldives;;46;;;;2077;;7;Indian/Maldives;2023-06-26;Maldives;2.50306, 73.30859
921711;Ouzini;Ouzini;Ousini,Ouzini;P;PPL;KM;Comoros;;01;;;;1886;;680;Indian/Comoro;2012-01-18;Comoros;-12.26722, 44.47972
921756;Mtsamdou;Mtsamdou;Mcamdou,Mtsamdou,Мцамдоу;P;PPL;KM;Comoros;;02;;;;1171;;147;Indian/Comoro;2012-01-18;Comoros;-11.60694, 43.38056
921785;Mitsoudjé;Mitsoudje;Mitsoudje,Mitsoudjé;P;PPL;KM;Comoros;;02;;;;3129;;47;Indian/Comoro;2023-11-29;Comoros;-11.81209, 43.28043
921838;Koki;Koki;Koki;P;PPL;KM;Comoros;;01;;;;4929;;380;Indian/Comoro;2018-12-04;Comoros;-12.17139, 44.44167
921847;Kangani;Kangani;Kangani;P;PPL;KM;Comoros;;01;;;;3711;;370;Indian/Comoro;2019-08-07;Comoros;-12.32102, 44.4727
1065222;Fandriana;Fandriana;Fandriana,Ifandriana,fan de li ya na,fandryana,فاندریانا,凡德里亞納;P;PPL;MG;Madagascar;;22;22204;22204010;22204010033;30958;;1364;Indian/Antananarivo;2023-12-21;Madagascar;-20.23333, 47.38333
1068670;Bealanana;Bealanana;Bealanana,WBE;P;PPL;MG;Madagascar;;42;42414;42414010;42414010001;32764;;1097;Indian/Antananarivo;2023-12-21;Madagascar;-14.54329, 48.74981
933945;Vacoas;Vacoas;Phoenix,Vacoa,Vacoas,Vacoas-Phoenix;P;PPL;MU;Mauritius;;17;;;;115289;;390;Indian/Mauritius;2023-02-01;Mauritius;-20.29806, 57.47833
934644;Cascavelle;Cascavelle;Cascavelle;P;PPL;MU;Mauritius;;12;;;;2613;;135;Indian/Mauritius;2018-12-05;Mauritius;-20.28694, 57.40722
1106596;Cottage;Cottage;Cottage;P;PPL;MU;Mauritius;;19;;;;3646;;58;Indian/Mauritius;2018-12-06;Mauritius;-20.05972, 57.62917
1106631;Plaines des Roches;Plaines des Roches;Plaines des Roches;P;PPL;MU;Mauritius;;19;;;;4218;;52;Indian/Mauritius;2018-12-06;Mauritius;-20.11167, 57.69083
1337622;Veymandoo;Veymandoo;Veymandhoo,Veymandoo;P;PPLA;MV;Maldives;;46;;;;1100;;10;Indian/Maldives;2013-09-22;Maldives;2.18772, 73.09556
12128611;Gadhdhoo;Gadhdhoo;Gaddhoo,Gaddu,Gadhdhoo,Maavaarulaa,Maavarulu,RUL,ga‘du,ގައްދޫ;P;PPLA2;MV;Maldives;;35;;;;0;;6;Indian/Maldives;2020-03-15;Maldives;0.29015, 73.45655
241214;Port Glaud;Port Glaud;;P;PPLA;SC;Seychelles;;27;;;;3243;;189;Indian/Mahe;2025-10-02;Seychelles;-4.66256, 55.41841
13527031;Les Mamelles;Les Mamelles;Mamelles;P;PPLX;SC;Seychelles;;29;;;;2719;;1;Indian/Mahe;2025-10-02;Seychelles;-4.64584, 55.46795
1090134;Mtsangadoua;Mtsangadoua;M'Tsangadoi,Mtsangadoua;P;PPL;YT;;;97601;;;;1534;;25;Indian/Mayotte;2024-01-29;;-12.71112, 45.05118
1090467;Bouéni;Boueni;Boueni,Bouéni;P;PPLA;YT;;;97604;;;;5334;;40;Indian/Mayotte;2018-12-04;;-12.9025, 45.07611
11694896;Roche Caïman;Roche Caiman;Caiman,Caïman,La Roche,La Roche Caiman,La Roche Caïman,Red Cayman;P;PPL;SC;Seychelles;;30;;;;3828;;-1;Indian/Mahe;2025-10-02;Seychelles;-4.6401, 55.46879
935267;Saint-Benoît;Saint-Benoit;Saint-Benoit,Saint-Benoît,Sankt-Benua,Санкт-Бенуа;P;PPL;RE;Réunion;;RE;974;9743;97410;37023;;17;Indian/Reunion;2024-01-18;Réunion;-21.03795, 55.71546
935691;La Possession;La Possession;La Posesion,La Possession,La-Posses'jon,Possession,la pwsysywn,lpwssywn,Ла Посесион,Ла-Поссесьйон,لا پوسیسیون,لپوسسیون;P;PPL;RE;Réunion;;RE;974;9744;97408;35245;;24;Indian/Reunion;2024-01-18;Réunion;-20.92909, 55.3348
921870;Hoani;Hoani;Hoani,Khoani,hwany,Хоани,هوانى,هواني;P;PPL;KM;Comoros;;03;;;;1114;;19;Indian/Comoro;2012-01-18;Comoros;-12.25083, 43.67472
921902;Dzahadjou;Dzahadjou;Dzahadjou,Dzahadju,Dzahaja;P;PPL;KM;Comoros;;02;;;;2000;;91;Indian/Comoro;2018-11-26;Comoros;-11.85287, 43.34987
1055429;Toliara;Toliara;TLE,Toliara,Toliary,Tulear,Tuliara,Tullear,Tuléar,to li xa ra,tolliala,touriara,tu li ya la,Τολιάρα,Тулиара,Туліара,טוליארה,โตลีอารา,ტულიარა,トゥリアラ,圖利亞拉,톨리아라;P;PPLA;MG;Madagascar;;51;51501;;;178725;;11;Indian/Antananarivo;2023-12-21;Madagascar;-23.35, 43.66667
1059507;Marovoay;Marovoay;Marovoay,Maruvuaj,ma lu wu ai,marw-wway,marwfway,Марувуай,مارو-ووآی,ماروفواي,馬魯武艾;P;PPL;MG;Madagascar;;41;41406;41406010;41406010008;41611;;33;Indian/Antananarivo;2023-12-21;Madagascar;-16.11064, 46.64383
1061335;Mananjary;Mananjary;MNJ;P;PPL;MG;Madagascar;;27;23209;23209010;23209010009;26712;;7;Indian/Antananarivo;2023-12-21;Madagascar;-21.23034, 48.34173
1064121;Imerintsiatosika;Imerintsiatosika;;P;PPL;MG;Madagascar;;13;13105;13105130;13105130015;74085;;1296;Indian/Antananarivo;2023-12-21;Madagascar;-18.98333, 47.31667
1064890;Fianarantsoa;Fianarantsoa;Fianarancua,Fianarantsoa,WFI,fei ya na lan chu a,fianarantsuoa,fyanarantswa,pianalanchoa,pianarantsua,Φιαναραντσόα,Фианаранцуа,Фіанаранцуа,פיאנארנצוה,فیانارانتسوا,ფიანარანცუა,フィアナランツォア,菲亞納蘭楚阿,피아나란초아;P;PPLA;MG;Madagascar;;21;21201;;;203105;;1117;Indian/Antananarivo;2023-12-21;Madagascar;-21.45267, 47.08569
1068971;Antsohihy;Antsohihy;Antsohihi,Antsohihy,WAI;P;PPLA;MG;Madagascar;;42;42413;42413010;;40512;;18;Indian/Antananarivo;2023-12-21;Madagascar;-14.87959, 47.98751
934133;Quartier Militaire;Quartier Militaire;Quartier Militaire;P;PPLA;MU;Mauritius;;15;;;;6424;;418;Indian/Mauritius;2016-07-16;Mauritius;-20.2479, 57.59737
934736;Belle Vue Harel;Belle Vue Harel;Belle Vue Harel,Belle-Vue;P;PPL;MU;Mauritius;;16;;;;7607;;80;Indian/Mauritius;2025-07-01;Mauritius;-20.06583, 57.59417
6930996;Hulhumale;Hulhumale;;P;PPL;MV;Maldives;;38;;;;5000;;-9999;Indian/Maldives;2016-10-17;Maldives;4.21169, 73.54008
921996;Assimpao;Assimpao;Asimpao,Assimpao,asymbaw,asympayw,Асимпао,آسیمپائو,أسيمباو,اسيمباو;P;PPL;KM;Comoros;;01;;;;1112;;125;Indian/Comoro;2012-01-18;Comoros;-12.23306, 44.31972
1091088;Barakani;Barakani;Barakani;P;PPLX;KM;Comoros;;01;;;;6089;;57;Indian/Comoro;2013-10-12;Comoros;-12.13861, 44.43026
1053900;Vohimanitra;Vohimanitra;Vohimanitra,Vokhimanitra,wwhymanytra,Вохиманитра,ووهیمانیترا;P;PPL;MG;Madagascar;;26;23210;23210250;23210250003;6000;;213;Indian/Antananarivo;2022-09-30;Madagascar;-21.7, 47.7
1064311;Iharan̈a;Iharana;Iharana,Iharan̈a,VOH,Vohemar,Vohimarina;P;PPL;MG;Madagascar;;72;;;;23349;;-9999;Indian/Antananarivo;2023-12-30;Madagascar;-13.35, 50.0
1066317;Beteza;Beteza;Beteza,btza,Бетеза,بتزا;P;PPL;MG;Madagascar;;52;52518;52518190;52518190001;7000;;304;Indian/Antananarivo;2018-09-10;Madagascar;-24.45, 45.11667
1066702;Besalampy;Besalampy;BPY,Besalampy,bei sa lan pi,besaranpi,bsalampy,bysalamby,بسالامپی,بيسالامبي,ベサランピ,貝薩蘭皮,贝萨兰皮;P;PPL;MG;Madagascar;;44;44402;44402011;44402011006;12000;;38;Indian/Antananarivo;2023-12-21;Madagascar;-16.75, 44.48333
1068130;Behompy;Behompy;Behompy,Bekhompj,bhwmpy,Бехомпй,بهومپی;P;PPL;MG;Madagascar;;51;51520;51520072;51520072006;7000;;49;Indian/Antananarivo;2018-09-10;Madagascar;-23.25, 43.85
1068955;Antsohimbondrona;Antsohimbondrona;Ancokhimbondrona,Antsohimbondrona,Port Saint-Louis,antswhymbwndrwna,Анцохимбондрона,آنتسوهیمبوندرونا;P;PPL;MG;Madagascar;;71;71717;71717150;71717150001;32080;;8;Indian/Antananarivo;2018-09-10;Madagascar;-13.08333, 48.85
1078966;Ampahana;Ampahana;Ampaha,Ampahana,Ampakhana,ampahana,Ампахана,امپاهانا;P;PPL;MG;Madagascar;;72;72710;72710030;72710030001;25000;;25;Indian/Antananarivo;2018-09-10;Madagascar;-14.75, 50.21667
1084740;Alarobia;Alarobia;Alarobi,Alarobia,alarwbya,Аларобиа,الاروبیا;P;PPL;MG;Madagascar;;11;11106;11106070;11106070001;16000;;1389;Indian/Antananarivo;2018-09-10;Madagascar;-18.96667, 47.73333
933933;Verdun;Verdun;Verdun,Verdun Station;P;PPL;MU;Mauritius;;15;;;;2208;;433;Indian/Mauritius;2016-07-16;Mauritius;-20.23417, 57.55476
934656;Camp Thorel;Camp Thorel;Camp Thorel,Camp Thoret;P;PPL;MU;Mauritius;;15;;;;2299;;392;Indian/Mauritius;2012-01-18;Mauritius;-20.21472, 57.61611
934753;Beau Vallon;Beau Vallon;Beau Vallon,Beau-Vallon;P;PPL;MU;Mauritius;;14;;;;7016;;153;Indian/Mauritius;2025-07-03;Mauritius;-20.42325, 57.70351
1106584;Laventure;Laventure;Laventure;P;PPL;MU;Mauritius;;13;;;;6171;;120;Indian/Mauritius;2018-12-06;Mauritius;-20.14583, 57.67667
1337620;Funadhoo;Funadhoo;FND,Farukolhufunadhoo,Funadhoo;P;PPLA;MV;Maldives;;45;;;;2900;;9;Indian/Maldives;2019-11-27;Maldives;6.15091, 73.29013
1090376;Poroani;Poroani;Poroani,Proani;P;PPL;YT;;;97606;;;;2297;;18;Indian/Mayotte;2024-01-29;;-12.89226, 45.14121
1090412;Mramadoudou;Mramadoudou;Mouramedoudou,Mramadoudou;P;PPL;YT;;;97606;;;;1423;;13;Indian/Mayotte;2024-01-29;;-12.92846, 45.15324
2078127;Flying Fish Cove;Flying Fish Cove;Flain-Fish-Kouv,Flaing Fish Kouv,Flajing Fish Kouv,Flajing-Fish-Kouv,Flayinq Fis Kouv,Flayinq Fiş Kouv,Flying Fish Cove,Kampong,The Settlement,fala'iga fisa kova,fei yu wan,flay xing fich khof,flayngh fysh kwf,flayyng fsh kww,peullaingpisikobeu,phla'inga phisa kova,pilaiyin pis kov,plaing-pishi,Флаинг Фиш Коув,Флайинг-Фиш-Коув,Флаін-Фіш-Коўв,Флајинг Фиш Коув,فلائینگ فش کوو,فلاينغ فيش كوف,फ्लाइंग फिश कोव,ਫ਼ਲਾਇੰਗ ਫ਼ਿਸ਼ ਕੋਵ,பிளையிங் பிஷ் கோவ்,ฟลายอิงฟิชโคฟ,ფლაინგ-ფიში,フライング・フィッシュ・コーブ,飞鱼湾,플라잉피시코브;P;PPLC;CX;;;00;;;;500;;135;Indian/Christmas;2019-09-05;;-10.42172, 105.67912
935608;Les Avirons;Les Avirons;Avirons,Les Avirons,Lez-Aviron,Лез-Авірон;P;PPL;RE;Réunion;;RE;974;9742;97401;11434;;317;Indian/Reunion;2024-01-18;Réunion;-21.24063, 55.33685
1090126;Mtsamboro;Mtsamboro;M'Zamboro,Mtsamboro,M’Zamboro;P;PPLA;YT;;;97612;;;;7724;;26;Indian/Mayotte;2019-02-28;;-12.69982, 45.06894
241448;Anse Boileau;Anse Boileau;;P;PPLA;SC;Seychelles;;02;;;;4183;;3;Indian/Mahe;2013-08-10;Seychelles;-4.71667, 55.48333
11395546;Glacis;Glacis;;P;PPL;SC;Seychelles;;12;;;;4496;;60;Indian/Mahe;2025-10-02;Seychelles;-4.57578, 55.4368
921806;Mbéni;Mbeni;Mbeni,Mbéni,ambyny,mubeni,إمبيني,امبينى,ムベニ;P;PPL;KM;Comoros;;02;;;;5128;;480;Indian/Comoro;2023-11-29;Comoros;-11.50139, 43.3775
921998;Antsahé;Antsahe;Antsahe,Antsahé,antsahy,أنتساهي,انتساهى;P;PPL;KM;Comoros;;01;;;;1180;;177;Indian/Comoro;2012-01-18;Comoros;-12.35639, 44.5225
1092343;Mavingouni;Mavingouni;Mavingouni;P;PPL;KM;Comoros;;02;;;;1390;;315;Indian/Comoro;2023-12-02;Comoros;-11.71953, 43.26233
1061700;Mampikony;Mampikony;Mampikomy,Mampikony,WMP;P;PPL;MG;Madagascar;;42;42423;42423010;42423010005;30282;;64;Indian/Antananarivo;2023-12-21;Madagascar;-16.092, 47.647
1066248;Betroka;Betroka;Betroka;P;PPL;MG;Madagascar;;53;53517;53517050;53517050003;18350;;795;Indian/Antananarivo;2023-12-21;Madagascar;-23.26667, 46.08333
1079088;Ambositra;Ambositra;Ambositra;P;PPLA;MG;Madagascar;;22;22203;22203010;;43504;;1318;Indian/Antananarivo;2023-12-21;Madagascar;-20.53034, 47.24344
1080809;Ambodivoara;Ambodivoara;;P;PPL;MG;Madagascar;;72;72711;72711130;72711130001;10000;;43;Indian/Antananarivo;2018-09-10;Madagascar;-14.33333, 49.98333
1083239;Ambatofinandrahana;Ambatofinandrahana;Ambatofinandrahana;P;PPLA2;MG;Madagascar;;22;22202;22202010;;39618;;1402;Indian/Antananarivo;2023-12-21;Madagascar;-20.55284, 46.80365
934138;Providence;Providence;Providence;P;PPL;MU;Mauritius;;15;;;;3126;;395;Indian/Mauritius;2018-12-05;Mauritius;-20.24472, 57.61222
934213;Pamplemousses;Pamplemousses;Pamplemousses,Pamplemousses Village;P;PPLA;MU;Mauritius;;16;;;;9682;;64;Indian/Mauritius;2024-01-18;Mauritius;-20.10389, 57.57028
934485;Grand Bois;Grand Bois;Gran-Bua,Grand Bois,Гран-Буа;P;PPL;MU;Mauritius;;20;;;;7804;;407;Indian/Mauritius;2013-09-07;Mauritius;-20.41889, 57.54417
1547471;Baie aux Huîtres;Baie aux Huitres;Baie aux Huitres,Baie aux Huîtres,Oyster Bay;P;PPL;MU;Mauritius;;23;;;;2500;;6;Indian/Mauritius;2020-06-11;Mauritius;-19.69444, 63.40833
935694;La Plaine-des-Palmistes;La Plaine-des-Palmistes;La Plaine des Palmistes,La Plaine-des-Palmistes,La-Plen-de-Pal'mist,Plaine des Palmistes,Ла-Плен-де-Пальміст,لا پلاینی-ڈیس-پالمیسٹیس;P;PPL;RE;Réunion;;RE;974;9743;97406;6821;;1025;Indian/Reunion;2024-01-18;Réunion;-21.13425, 55.62819
921703;Patsi;Patsi;Patsi,Patsy,Wilson;P;PPL;KM;Comoros;;01;;;;1498;;284;Indian/Comoro;2018-11-20;Comoros;-12.15556, 44.43722
921729;Ntsoudjini;Ntsoudjini;Mitsoudjini,Mitsudje,Mitsuje,Ntsoudjini,Tsudjim,Tsudjin,Tsudjini,Tsujuni;P;PPL;KM;Comoros;;02;;;;3559;;126;Indian/Comoro;2023-11-29;Comoros;-11.66077, 43.27157
921777;Mohoro;Mohoro;Mohoro;P;PPL;KM;Comoros;;02;;;;2014;;253;Indian/Comoro;2018-11-26;Comoros;-11.82701, 43.45436
921784;Mjamaoué;Mjamaoue;Jamaue,Jamaué,Mjamaoue,Mjamaoué;P;PPL;KM;Comoros;;01;;;;1490;;12;Indian/Comoro;2012-01-18;Comoros;-12.19361, 44.31
921884;Foumbouni;Foumbouni;Fomboni,Foumbouni,Mbagini,Mbajini;P;PPL;KM;Comoros;;02;;;;3386;;14;Indian/Comoro;2023-11-29;Comoros;-11.86537, 43.49529
1062842;Maevatanana;Maevatanana;Maevatanana,Maevetanana,Mavatanana,Mevatanana;P;PPLA;MG;Madagascar;;43;43404;43404010;;27459;;64;Indian/Antananarivo;2023-12-21;Madagascar;-16.95, 46.83333
1068865;Arivonimamo;Arivonimamo;Arivonimamo,Arivonimamy,Arivunimamu,a li wu ni ma mu,arivuonimamo,arywwnymamw,Аривонимамо,Аривунимаму,آریوونیمامو,アリヴォニマモ,阿里武尼馬穆;P;PPL;MG;Madagascar;;13;13105;13105010;13105010010;29997;;1418;Indian/Antananarivo;2023-12-21;Madagascar;-19.01667, 47.18333
1073665;Anjepy;Anjepy;Anjepy,anjpy,آنجپی;P;PPL;MG;Madagascar;;11;11106;11106190;11106190008;6000;;1550;Indian/Antananarivo;2018-09-10;Madagascar;-18.85, 47.71667
11887900;Antsampanimahazo;Antsampanimahazo;;P;PPLA3;MG;Madagascar;;12;12118;12118331;;0;;1684;Indian/Antananarivo;2023-06-28;Madagascar;-19.63988, 47.1565
934677;Brisée Verdière;Brisee Verdiere;Brisee Verdiere,Brisée Verdière;P;PPL;MU;Mauritius;;13;;;;7696;;183;Indian/Mauritius;2024-01-18;Mauritius;-20.16389, 57.64667
934735;Belle Vue Pilot;Belle Vue Pilot;Belle Vue,Belle Vue Pilot;P;PPL;MU;Mauritius;;16;;;;4518;;67;Indian/Mauritius;2025-07-01;Mauritius;-20.05486, 57.58365
1090161;M'Tsangamouji;M'Tsangamouji;Mtsamgamouji;P;PPLA;YT;;;97613;;;;5028;;57;Indian/Mayotte;2013-08-08;;-12.75944, 45.08361
7304591;West Island;West Island;weseuteu seom,웨스트 섬;P;PPLC;CC;;;;;;;120;;12;Indian/Cocos;2018-08-17;;-12.15681, 96.82251
1090960;Chitrouni;Chitrouni;Chitrouni,chytrwny,shtrwny,Читроуни,شترونى,شتروني,چیترونی;P;PPL;KM;Comoros;;01;;;;1081;;39;Indian/Comoro;2012-01-19;Comoros;-12.18583, 44.33556
1053384;Toamasina;Toamasina;TMM,Tamatave,Toamasina,Tuamasina,toamasina,touamashina,tu a ma xi na,twamasyna,Τοαμασίνα,Тоамасина,Туамасина,Туамасіна,טומאסינה,تواماسینا,ტუამასინა,トゥアマシナ,图阿马西纳,토아마시나;P;PPLA;MG;Madagascar;;31;31301;;;345107;;12;Indian/Antananarivo;2023-12-21;Madagascar;-18.1492, 49.40234
1054500;Tsiombe;Tsiombe;Tsihombe,Tsiombe;P;PPL;MG;Madagascar;;52;52514;52514011;52514011020;29825;;66;Indian/Antananarivo;2018-09-10;Madagascar;-25.3, 45.48333
1059051;Miandrivazo;Miandrivazo;Miandrivazo,ZVA;P;PPL;MG;Madagascar;;54;54511;54511011;54511011006;21627;;67;Indian/Antananarivo;2023-12-21;Madagascar;-19.52905, 45.45559
1062146;Mahavelona;Mahavelona;Foulpointe,Fulpuant,Фулпуант;P;PPL;MG;Madagascar;;31;31310;31310110;31310110001;7987;;11;Indian/Antananarivo;2018-09-10;Madagascar;-17.68475, 49.50869
934058;Morcellement Saint André;Morcellement Saint Andre;Morcellemont Saint Andre,Morcellemont Saint André,Saint-Andre,Saint-André;P;PPL;MU;Mauritius;;16;;;;6150;;63;Indian/Mauritius;2019-07-11;Mauritius;-20.07199, 57.56833
934517;Flic en Flac;Flic en Flac;Flic en Flac,Flic-en-Flacq;P;PPL;MU;Mauritius;;12;;;;2010;;155;Indian/Mauritius;2024-02-16;Mauritius;-20.278, 57.372
934573;Crève Coeur;Creve Coeur;Creve Coeur,Crève Coeur;P;PPL;MU;Mauritius;;16;;;;3097;;291;Indian/Mauritius;2020-06-10;Mauritius;-20.19346, 57.56328
934778;Bambous;Bambous;Bambous,baimbosa,bambws,ban bu si,banbusu,bang bu,Бамбоус,بامبوس,बैम्बॉस,バンブース,班布斯,邦布;P;PPL;MU;Mauritius;;12;;;;17818;;122;Indian/Mauritius;2024-01-18;Mauritius;-20.25667, 57.40611
1106630;Amaury;Amaury;Amaury;P;PPL;MU;Mauritius;;19;;;;2912;;129;Indian/Mauritius;2018-12-06;Mauritius;-20.13083, 57.65917
241150;Takamaka;Takamaka;;P;PPLA;SC;Seychelles;;23;;;;2580;;272;Indian/Mahe;2013-08-10;Seychelles;-4.76667, 55.5
935582;Le Tampon;Le Tampon;Le Tampon,Le-Tampon,Tampon,Village du Tampon,lw tampwn,Ле Тампон,Ле-Тампон,لو تامپون,ル・タンポン;P;PPL;RE;Réunion;;RE;974;9742;97422;81943;;585;Indian/Reunion;2024-01-18;Réunion;-21.2766, 55.51766
921815;Mamoudzou;Mamoudzou;Mambutzou,Mamoudzou,Mamoutzou,Mamudzu,Mamutzu,mamuju,Мамудзу,마무주;P;PPLC;YT;;;97611;;;;54831;;23;Indian/Mayotte;2023-02-01;;-12.78234, 45.22878
1090308;Ongojou;Ongojou;Angouzou,Ongojou,Ongoujou;P;PPL;YT;;;97607;;;;2111;;174;Indian/Mayotte;2024-01-29;;-12.83883, 45.16012
1090464;Mouanatrindri;Mouanatrindri;Mouanatrindi,Mouanatrindri;P;PPL;YT;;;97604;;;;1054;;41;Indian/Mayotte;2024-01-29;;-12.8996, 45.09792
1090476;Kani-Kéli;Kani-Keli;Kani Keli,Kani Kéli;P;PPLA;YT;;;97609;;;;4854;;95;Indian/Mayotte;2024-08-25;;-12.95361, 45.10333
1090123;Hamjago;Hamjago;Hamjago;P;PPL;YT;;;97612;;;;1899;;13;Indian/Mayotte;2024-01-29;;-12.68832, 45.0745
1090155;Chembényoumba;Chembenyoumba;Chembenioumba,Chembenyoumba,Chembénioumba,Chembényoumba;P;PPL;YT;;;97613;;;;1474;;43;Indian/Mayotte;2024-01-29;;-12.76472, 45.07793
1090361;Hajangoua;Hajangoua;Ajangua,Hajangoua;P;PPL;YT;;;97607;;;;2130;;18;Indian/Mayotte;2024-01-29;;-12.86607, 45.19857
241423;Bel Ombre;Bel Ombre;Bel Ombre,Belle Ombre;P;PPLA;SC;Seychelles;;10;;;;4163;;16;Indian/Mahe;2013-08-10;Seychelles;-4.61667, 55.41667
241443;Anse Royale;Anse Royale;Anse Royal,Anse Royale;P;PPLA;SC;Seychelles;;05;;;;3818;;106;Indian/Mahe;2013-08-10;Seychelles;-4.73333, 55.51667
921783;Mjimandra;Mjimandra;M'Jimanda,Mjimandra,Moujimada,M’Jimanda;P;PPL;KM;Comoros;;01;;;;3114;;145;Indian/Comoro;2012-01-18;Comoros;-12.19167, 44.37028
921839;Koimbani;Koimbani;Combani,Koimbani,Kombani;P;PPL;KM;Comoros;;02;;;;2054;;456;Indian/Comoro;2023-11-29;Comoros;-11.62306, 43.35667
921906;Domoni;Domoni;Deumoni,Domoni,Domonis,domoni,duo mo ni shi,dwmwny,Домони,Դոմոնի,دومونى,دوموني,ドモニ,多摩尼市;P;PPL;KM;Comoros;;01;;;;12262;;1;Indian/Comoro;2023-11-29;Comoros;-12.26067, 44.52947
1091401;Adda-Douéni;Adda-Doueni;Adda Daoueni,Adda Daouéni,Adda-Daoueni,Adda-Daouéni,Adda-Doueni,Adda-Douéni,Adda-Dueni,ada dwyny,ada-dwyny,Ադդա-Դուենի,أدا دويني,ادا دوينى,ادا-دوئنی,アッドア・ダウエニ;P;PPL;KM;Comoros;;01;;;;10858;;706;Indian/Comoro;2020-06-14;Comoros;-12.2925, 44.49722
1092041;Vanadjou;Vanadjou;Vanadjou;P;PPL;KM;Comoros;;02;;;;1830;;182;Indian/Comoro;2013-04-05;Comoros;-11.6075, 43.27611
1092369;Ikoni;Ikoni;;P;PPL;KM;Comoros;;02;;;;5474;;52;Indian/Comoro;2023-12-02;Comoros;-11.74487, 43.2371
1054329;Vangaindrano;Vangaindrano;VND,Vangaindrano,bangendoranu,wan jia yin de la nu,wangayndranw,وانگایندرانو,バンゲーンドラヌ,万加因德拉努,萬加因德拉努;P;PPL;MG;Madagascar;;25;25214;25214010;25214010007;40813;;13;Indian/Antananarivo;2023-12-21;Madagascar;-23.35, 47.6
1056151;Soavinandriana;Soavinandriana;Seavinandriana,Soavinandriana,su a wei nan de li ya na,swafynandryana,swanandryan,Соавинандриана,سوآناندریان,سوافيناندريانا,蘇阿維南德里亞納;P;PPL;MG;Madagascar;;13;13113;13113011;13113011019;42410;;1500;Indian/Antananarivo;2023-12-21;Madagascar;-19.16667, 46.73333
1056922;Sambaina;Sambaina;Sambaina,sambayna,Самбаина,سامباینا;P;PPL;MG;Madagascar;;11;11106;11106030;11106030008;7000;;1459;Indian/Antananarivo;2018-09-10;Madagascar;-18.9, 47.78333
1067531;Belo sur Tsiribihina;Belo sur Tsiribihina;BMD,Belo,Belo - Tsiribihina,Belo Tsiribihina,Belo sur Tsiribihina,Belon'i Tsiribihina;P;PPL;MG;Madagascar;;54;54510;54510011;54510011021;23900;;22;Indian/Antananarivo;2018-09-10;Madagascar;-19.69787, 44.54587
1069579;Antsalova;Antsalova;Antsalova,WAQ,an cha lu wa,ansarovua,antsalwwa,آنتسالووا,アンサロヴァ,安察卢瓦,安察盧瓦;P;PPL;MG;Madagascar;;44;44420;44420010;44420010005;58280;;86;Indian/Antananarivo;2024-10-29;Madagascar;-18.66667, 44.61667
1072879;Ankazoabo;Ankazoabo;Ankazoabe,Ankazoabo,Ankazoabo Sud,WAK;P;PPL;MG;Madagascar;;51;51505;51505011;51505011014;25961;;398;Indian/Antananarivo;2018-09-10;Madagascar;-22.28333, 44.51667
1076833;Anandravy;Anandravy;Anadray,Anandravj,Anandravy,anandrawy,Анандравй,اناندراوی;P;PPL;MG;Madagascar;;21;;;;4000;;169;Indian/Antananarivo;2018-09-07;Madagascar;-22.9, 47.36667
1078553;Ampanihy;Ampanihy;AMP,Ampanihy;P;PPLA2;MG;Madagascar;;51;51507;51507010;;40244;;236;Indian/Antananarivo;2023-12-21;Madagascar;-24.6937, 44.74581
1081863;Amboanjo;Amboanjo;Amboanjo,ambwanjw,امبوانجو;P;PPL;MG;Madagascar;;26;23210;23210171;23210171001;17000;;17;Indian/Antananarivo;2022-09-30;Madagascar;-22.0, 47.85
1084071;Ambalasoa;Ambalasoa;Ambalasoa,ambalaswa,Амбаласоа,امبالاسوا;P;PPL;MG;Madagascar;;53;53517;53517070;53517070004;4000;;883;Indian/Antananarivo;2018-09-10;Madagascar;-23.11667, 46.0
934131;Quatre Bornes;Quatre Bornes;Quatre Bornes;P;PPL;MU;Mauritius;;17;;;;77308;;335;Indian/Mauritius;2023-02-01;Mauritius;-20.26381, 57.4791
934459;Grand Sable;Grand Sable;Grand Sable;P;PPL;MU;Mauritius;;14;;;;2208;;129;Indian/Mauritius;2018-12-05;Mauritius;-20.31417, 57.76444
1106589;Cluny;Cluny;Cluny;P;PPL;MU;Mauritius;;14;;;;1629;;317;Indian/Mauritius;2018-12-06;Mauritius;-20.36694, 57.60389
1106643;Quatre Cocos;Quatre Cocos;Quatre Cocos;P;PPL;MU;Mauritius;;13;;;;5724;;8;Indian/Mauritius;2017-10-23;Mauritius;-20.20151, 57.77448
10171149;Anse La Raye;Anse La Raye;;P;PPL;MU;Mauritius;;;;;;6060;;6;Indian/Mauritius;2025-07-01;Mauritius;-19.99057, 57.63202
1337618;Manadhoo;Manadhoo;Manadhoo;P;PPLA;MV;Maldives;;43;;;;1580;;8;Indian/Maldives;2013-07-04;Maldives;5.76687, 73.4136
935416;Petite-Île;Petite-Ile;Petit-Il',Petite Ile,Petite Île,Petite-Ile,Petite-Île,Village de la Petite Ile,Петіт-Іль;P;PPL;RE;Réunion;;RE;974;9742;97405;12617;;315;Indian/Reunion;2024-01-18;Réunion;-21.35327, 55.56427
10793687;Pointe La Rue;Pointe La Rue;;P;PPL;SC;Seychelles;;20;;;;3750;;32;Indian/Mahe;2025-10-02;Seychelles;-4.67323, 55.5131
12718739;Perseverance;Perseverance;Perseverans,Персеверанс;P;PPL;SC;Seychelles;;;;;;6209;;-9999;Indian/Mahe;2025-12-03;Seychelles;-4.60445, 55.46428
935215;Saint-Philippe;Saint-Philippe;Saint Phillippe,Saint-Philippe;P;PPL;RE;Réunion;;RE;974;9742;97417;5441;;28;Indian/Reunion;2018-06-08;Réunion;-21.36086, 55.7679
1090103;Mtsahara;Mtsahara;Mtsahara;P;PPL;YT;;;97612;;;;2538;;19;Indian/Mayotte;2024-01-29;;-12.68137, 45.08274
1090304;Tsararano;Tsararano;Tsararano;P;PPL;YT;;;97607;;;;4838;;72;Indian/Mayotte;2024-01-29;;-12.83528, 45.17355
1090310;Barakani;Barakani;Barakani;P;PPL;YT;;;97614;;;;3153;;105;Indian/Mayotte;2024-01-29;;-12.83799, 45.1312
921746;Kyo;Kyo;Kyo,Niambahamoro;P;PPL;KM;Comoros;;01;;;;2209;;319;Indian/Comoro;2012-01-18;Comoros;-12.33222, 44.51917
1056381;Soanindrariny;Soanindrariny;Soanindrariny,Suanindzharini,Суанинджарини,سوانین‌درارینی;P;PPL;MG;Madagascar;;12;12118;12118290;12118290001;21000;;1763;Indian/Antananarivo;2018-09-10;Madagascar;-19.9, 47.23333
1060527;Mantasoa;Mantasoa;Mantasoa,mang ta suo a,mantaswa,مانتاسوآ,芒塔索阿;P;PPL;MG;Madagascar;;11;11106;11106110;11106110009;10000;;1377;Indian/Antananarivo;2018-09-10;Madagascar;-19.01667, 47.83333
1065230;Fandrandava;Fandrandava;Alakamisy Fandrandava,Alakamisy-Fandandrave,Fandrandava,fandrandawa,Фандрандава,فاندرانداوا;P;PPL;MG;Madagascar;;21;21220;21220430;21220430001;9000;;1173;Indian/Antananarivo;2018-09-10;Madagascar;-21.51667, 47.25
1082992;Ambatolampy;Ambatolampy;Ambatolampi,Ambatolampy,Ambatulampi,ambatwlampy,an ba tu lan pi,Амбатолампи,Амбатулампи,امباتولامپی,安巴圖蘭皮;P;PPL;MG;Madagascar;;12;12110;12110010;12110010004;34198;;1586;Indian/Antananarivo;2023-12-21;Madagascar;-19.38333, 47.41667
933953;Trou aux Biches;Trou aux Biches;Trou aux Biches;P;PPL;MU;Mauritius;;16;;;;14706;;8;Indian/Mauritius;2025-07-01;Mauritius;-20.03301, 57.55033
934092;Rivière du Poste;Riviere du Poste;Riv'er-dju-Post,River du Poste Station,Riviere du Post,Riviere du Poste,Riviere du Poste Station,Rivière du Post,Rivière du Poste,Rivière du Poste Station,Ривьер-дю-Пост;P;PPL;MU;Mauritius;;20;;;;2170;;320;Indian/Mauritius;2025-07-22;Mauritius;-20.42417, 57.56694
1106788;Dubreuil;Dubreuil;;P;PPL;MU;Mauritius;;15;;;;2726;;389;Indian/Mauritius;2015-08-20;Mauritius;-20.30132, 57.59861
1090214;Longoni;Longoni;Longoni;P;PPL;YT;;;97610;;;;3983;;25;Indian/Mayotte;2024-01-18;;-12.73426, 45.16298
1090253;Tsoundzou 2;Tsoundzou 2;Tsoundzou Deux;P;PPL;YT;;;97611;;;;2559;;36;Indian/Mayotte;2024-01-29;;-12.81845, 45.1972
1090321;Mangajou;Mangajou;Mangajou;P;PPL;YT;;;97616;;;;1588;;27;Indian/Mayotte;2024-01-29;;-12.84404, 45.11716
1090356;Iloni;Iloni;Iloni,iloni,îloni;P;PPL;YT;;;97607;;;;2970;;24;Indian/Mayotte;2024-01-29;;-12.84553, 45.19037
13527029;Mont Fleuri;Mont Fleuri;Pier Ward;P;PPLX;SC;Seychelles;;09;;;;4055;;28;Indian/Mahe;2025-10-02;Seychelles;-4.62695, 55.45427
13527032;Anse Royale;Anse Royale;;P;PPLX;SC;Seychelles;;02;;;;5046;;4;Indian/Mahe;2025-10-02;Seychelles;-4.73771, 55.50333
921675;Sima;Sima;Sima,shima,syma,Сима,Սիմա,سيما,シマ;P;PPL;KM;Comoros;;01;;;;8737;;120;Indian/Comoro;2023-11-29;Comoros;-12.19556, 44.27667
921764;Moya;Moya;Moya;P;PPL;KM;Comoros;;01;;;;7529;;51;Indian/Comoro;2019-08-07;Comoros;-12.30967, 44.43685
921852;Ivouani;Ivouani;Inani,Iuani,Ivoini,Ivouani;P;PPL;KM;Comoros;;02;;;;1317;;21;Indian/Comoro;2014-03-26;Comoros;-11.39157, 43.39454
921889;Fomboni;Fomboni;Fomboni,Fumboni,fwmbwny,فومبوني;P;PPLA;KM;Comoros;;03;;;;17291;;18;Indian/Comoro;2023-11-29;Comoros;-12.28759, 43.74344
1090919;Kavani;Kavani;;P;PPL;KM;Comoros;;01;;;;2160;;160;Indian/Comoro;2006-01-17;Comoros;-12.19194, 44.26944
1091711;Mandza;Mandza;Mandza;P;PPL;KM;Comoros;;02;;;;1602;;271;Indian/Comoro;2012-01-19;Comoros;-11.41806, 43.29528
1055317;Tranovaho;Tranovaho;Tranovaho,Tranovakho,Tranovako,Tranovoa,tranwaw,Трановахо,ترانواو;P;PPL;MG;Madagascar;;52;52513;52513030;52513030013;13000;;189;Indian/Antananarivo;2018-09-10;Madagascar;-25.3, 44.96667
1057330;Sahatavy;Sahatavy;;P;PPL;MG;Madagascar;;32;32315;32315150;32315150004;10000;;187;Indian/Antananarivo;2018-09-10;Madagascar;-17.45, 49.0
1062553;Mahanoro;Mahanoro;Mahanoro,VVB,ma ha nu lu,mahanoro,mahanwrw,ماهانورو,マハノロ,馬哈努魯;P;PPL;MG;Madagascar;;31;31308;31308011;31308011012;40033;;3;Indian/Antananarivo;2023-12-21;Madagascar;-19.9, 48.8
1064234;Ikongo;Ikongo;Fort Carhot,Fort-Carnot,Ikongo,aykwngw,yi kong gu,ایکونگو,伊孔古;P;PPL;MG;Madagascar;;26;23211;23211011;23211011018;38851;;321;Indian/Antananarivo;2023-12-21;Madagascar;-21.88333, 47.43333
1066310;Betioky;Betioky;BKU,Betioky;P;PPL;MG;Madagascar;;51;51506;51506011;51506011001;27125;;257;Indian/Antananarivo;2023-12-21;Madagascar;-23.72065, 44.38069
1082973;Ambatolaona;Ambatolaona;Ambatolaona,ambatwlaywna,Амбатолаона,امباتولائونا;P;PPL;MG;Madagascar;;11;11106;11106012;11106012005;5000;;1403;Indian/Antananarivo;2018-09-10;Madagascar;-18.93333, 47.9
933988;Surinam;Surinam;Surinam,shurinamu,srynam,su li nan cun,سرینام,シュリナム,苏里南村;P;PPL;MU;Mauritius;;20;;;;10621;;28;Indian/Mauritius;2018-04-06;Mauritius;-20.50972, 57.50528
934072;Rose Belle;Rose Belle;Roz-Bel',Роз-Бель;P;PPLA;MU;Mauritius;;14;;;;12619;;286;Indian/Mauritius;2018-03-21;Mauritius;-20.40028, 57.59667
1337617;Muli;Muli;MUM,Muli;P;PPLA;MV;Maldives;;41;;;;1008;;-9999;Indian/Maldives;2025-02-10;Maldives;2.92167, 73.58111
1090177;Tsingoni;Tsingoni;Tsingoni;P;PPLA;YT;;;97617;;;;7602;;56;Indian/Mayotte;2018-12-04;;-12.78722, 45.10278
1090229;Majikavo Lamir;Majikavo Lamir;Majikavo 1,Majikavo Lamir;P;PPL;YT;;;97611;;;;2081;;29;Indian/Mayotte;2024-01-29;;-12.75572, 45.22968
1090311;Ouangani;Ouangani;Ouangani;P;PPLA;YT;;;97614;;;;7272;;100;Indian/Mayotte;2012-02-07;;-12.84639, 45.13611
13527030;Plaisance;Plaisance;;P;PPLX;SC;Seychelles;;18;;;;4622;;3;Indian/Mahe;2025-10-02;Seychelles;-4.64085, 55.46179
935268;Saint-André;Saint-Andre;Saint-Andre,Saint-André,Sankt-Andre,Санкт-Андре;P;PPL;RE;Réunion;;RE;974;9743;97409;57150;;103;Indian/Reunion;2024-01-18;Réunion;-20.96333, 55.65031
921714;Ourovéni;Ouroveni;Ouroveni,Ourovéni;P;PPL;KM;Comoros;;02;;;;1419;;11;Indian/Comoro;2018-11-26;Comoros;-11.91375, 43.49804
921946;Chandra;Chandra;Chanda,Chandra;P;PPL;KM;Comoros;;01;;;;5645;;469;Indian/Comoro;2012-01-18;Comoros;-12.195, 44.46472
921948;Chouani;Chouani;Chadjouni,Chouani;P;PPL;KM;Comoros;;02;;;;2615;;162;Indian/Comoro;2018-11-26;Comoros;-11.8233, 43.29429
1091712;Douniani;Douniani;Douniani,dwnyany,Доуниани,دونیانی;P;PPL;KM;Comoros;;02;;;;1778;;239;Indian/Comoro;2012-01-19;Comoros;-11.42111, 43.28889
1056531;Sitampiky;Sitampiky;Sitampiki,Sitampikj,Sitampiky,sytmpyky,Ситампикй,سیتمپیکی;P;PPL;MG;Madagascar;;41;41405;41405190;41405190001;21000;;100;Indian/Antananarivo;2018-09-10;Madagascar;-16.66667, 46.1
1056899;Sambava;Sambava;SVB,Sahambava,Sahambavany,Sambaha,Sambava,Sampava,campava,sambaba,sanbavua,sang ba wa,Σαμπάβα,Самбава,சம்பவா,サンバヴァ,桑巴瓦,삼바바;P;PPLA;MG;Madagascar;;72;72711;72711010;;89003;;10;Indian/Antananarivo;2023-12-21;Madagascar;-14.26667, 50.16667
1061912;Maintirano;Maintirano;MXT;P;PPLA;MG;Madagascar;;44;44421;44421010;;23609;;11;Indian/Antananarivo;2023-12-21;Madagascar;-18.06354, 44.02951
934184;Petit Raffray;Petit Raffray;;P;PPL;MU;Mauritius;;19;;;;9410;;25;Indian/Mauritius;2024-01-18;Mauritius;-20.02022, 57.62296
1106621;Congomah;Congomah;Congomah;P;PPL;MU;Mauritius;;16;;;;1956;;199;Indian/Mauritius;2018-12-06;Mauritius;-20.14889, 57.59083
1106763;Gros Cailloux;Gros Cailloux;Gros Cailloux;P;PPL;MU;Mauritius;;12;;;;3361;;71;Indian/Mauritius;2018-12-06;Mauritius;-20.20722, 57.43
8643380;Calodyne;Calodyne;Calodyne;P;PPL;MU;Mauritius;;19;;;;6252;;8;Indian/Mauritius;2025-07-01;Mauritius;-20.00215, 57.64249
11103219;La Passe;La Passe;;P;PPLA;SC;Seychelles;;25;;;;0;;10;Indian/Mahe;2016-03-31;Seychelles;-4.34808, 55.83269
1090227;Majikavo Koropa;Majikavo Koropa;Majikavo 2,Majikavo Koropa;P;PPL;YT;;;97610;;;;11698;;45;Indian/Mayotte;2024-01-29;;-12.74701, 45.22058
921713;Oussivo;Oussivo;Ousivo,Oussivo,Оусиво;P;PPL;KM;Comoros;;02;;;;1708;;35;Indian/Comoro;2012-01-18;Comoros;-11.585, 43.26722
921834;Koni-Djodjo;Koni-Djodjo;Koni,Koni Djodjo,Koni-Djodjo,Koni-Jojo,koni=jojo,kwny,kwny jwjw,Կոնի-Ջոջո,كونى جوجو,كوني,كوني جوجو,コニ＝ジョジョ;P;PPL;KM;Comoros;;01;;;;8109;;662;Indian/Comoro;2020-06-14;Comoros;-12.22972, 44.48167
921984;Bandamadji-Domba;Bandamadji-Domba;Bandamadji,Bandamadri,Bandamadxi,Bandamadzi,Bandamaji;P;PPLR;KM;Comoros;;02;;;;1929;;15;Indian/Comoro;2022-03-22;Comoros;-11.78788, 43.45356
1091674;Ouhozi;Ouhozi;Ouhozi,Oukhozi,Оухози;P;PPL;KM;Comoros;;02;;;;1930;;59;Indian/Comoro;2013-04-05;Comoros;-11.405, 43.28222
1092341;Mvouni;Mvouni;Mvouni,muvuni,ムヴニ;P;PPL;KM;Comoros;;02;;;;4791;;636;Indian/Comoro;2023-12-02;Comoros;-11.71965, 43.2752
1054463;Tsiroanomandidy;Tsiroanomandidy;WTS;P;PPLA;MG;Madagascar;;14;14111;14111030;;47087;;862;Indian/Antananarivo;2023-12-21;Madagascar;-18.76969, 46.04653
1061216;Manato;Manato;Manato,manatw,ماناتو;P;PPL;MG;Madagascar;;25;25217;25217112;25217112003;7000;;147;Indian/Antananarivo;2018-09-10;Madagascar;-22.4, 47.48333
1068387;Befandriana;Befandriana;Befandriana,Befandriana Avaratra,Befandriana Nord,WBD;P;PPL;MG;Madagascar;;42;42412;42412010;42412010007;18596;;280;Indian/Antananarivo;2023-12-21;Madagascar;-15.2567, 48.54249
1069164;Antsirabe Afovoany;Antsirabe Afovoany;Ansirabe,Antsirabe,Antsirabe Afovoany,antsyrabh afwwany,آنتسیرابه آفووآنی;P;PPL;MG;Madagascar;;42;42410;42410111;42410111003;13000;;359;Indian/Antananarivo;2018-09-10;Madagascar;-15.95, 48.96667
1076194;Andilamena;Andilamena;;P;PPLA2;MG;Madagascar;;33;33316;33316011;;39428;;933;Indian/Antananarivo;2023-12-21;Madagascar;-17.01009, 48.57313
934056;Saint Aubin;Saint Aubin;Saint Aubin,Sent-Oben,Union Saint Aubin,Сент-Обен;P;PPL;MU;Mauritius;;20;;;;1659;;120;Indian/Mauritius;2013-08-24;Mauritius;-20.496, 57.55
1106811;Calebasses;Calebasses;Calebasses;P;PPL;MU;Mauritius;;16;;;;4648;;55;Indian/Mauritius;2018-12-06;Mauritius;-20.11167, 57.55389
1337611;Fuvahmulah;Fuvahmulah;Foammulah,Fuvahmulaku,Fuvammulah,fuva‘mula‘,ފުވައްމުލައް;P;PPLA;MV;Maldives;;42;;;;11140;;9;Indian/Maldives;2025-11-05;Maldives;-0.29878, 73.42403
935227;Saint-Joseph;Saint-Joseph;Saint-Joseph,Sent-Dzhozef,Сент-Джозеф;P;PPL;RE;Réunion;;RE;974;9742;97412;38807;;43;Indian/Reunion;2024-01-18;Réunion;-21.3777, 55.61691
936048;Bras-Panon;Bras-Panon;Bra-Panon,Bras-Panon,Бра-Панон;P;PPL;RE;Réunion;;RE;974;9743;97402;13344;;49;Indian/Reunion;2024-01-18;Réunion;-20.99667, 55.67823
921664;Tsimbeo;Tsimbeo;Cimbeo,Tsembehou,Tsembéhou,Tsimbeo,Tsémbehou,Tsémbéhou,symbyhw,tonbeu,Цимбео,Ցիմբեո,صيمبيهو,トンベウー;P;PPL;KM;Comoros;;01;;;;12590;;433;Indian/Comoro;2023-11-29;Comoros;-12.20583, 44.46472
1091870;Bambadjani;Bambadjani;Bambadjani,bmbadjany,بمبادجانی;P;PPL;KM;Comoros;;02;;;;1355;;577;Indian/Comoro;2012-01-19;Comoros;-11.47861, 43.37722
1054035;Vohibinany;Vohibinany;Ampasimanolotra,Brickaville;P;PPL;MG;Madagascar;;31;;;;25311;;171;Indian/Antananarivo;2018-09-07;Madagascar;-17.35, 49.03333
1058532;Moramanga;Moramanga;OHB;P;PPL;MG;Madagascar;;33;33314;33314010;33314010011;60456;;913;Indian/Antananarivo;2023-12-21;Madagascar;-18.94948, 48.23007
1063858;Ivato;Ivato;;P;PPL;MG;Madagascar;;11;11103;11103112;11103112001;52376;;1273;Indian/Antananarivo;2024-03-15;Madagascar;-18.8, 47.48333
1073482;Anjozorobe;Anjozorobe;;P;PPL;MG;Madagascar;;11;11107;11107019;11107019012;25541;;1235;Indian/Antananarivo;2023-12-21;Madagascar;-18.4, 47.86667
1076454;Andapa;Andapa;Andapa,Distrito de Andapa,ZWA,an da pa,andapa,Андапа,انداپا,アンダパ,安达帕,安達帕;P;PPL;MG;Madagascar;;72;72712;72712010;72712010004;36660;;483;Indian/Antananarivo;2023-12-21;Madagascar;-14.65, 49.65
1083724;Ambanja;Ambanja;Ambanja,IVA;P;PPL;MG;Madagascar;;71;71719;71719010;71719010008;63884;;20;Indian/Antananarivo;2023-12-21;Madagascar;-13.669, 48.453
933982;Tamarin;Tamarin;;P;PPLA;MU;Mauritius;;12;;;;4371;;-9999;Indian/Mauritius;2024-01-18;Mauritius;-20.32556, 57.37056
934219;Pailles;Pailles;Pailles,Pailles Village,mauvilac;P;PPL;MU;Mauritius;;15;;;;10622;;73;Indian/Mauritius;2011-04-13;Mauritius;-20.19271, 57.48826
934225;Olivia;Olivia;Oliva,Olivia;P;PPL;MU;Mauritius;;13;;;;3980;;106;Indian/Mauritius;2016-09-26;Mauritius;-20.28778, 57.73097
934731;Bel Ombre;Bel Ombre;Bel Ombre,Bel'-Ombr,Belle Ombre,Бель-Омбр;P;PPL;MU;Mauritius;;20;;;;2417;;8;Indian/Mauritius;2025-07-01;Mauritius;-20.50222, 57.40611
1337606;Eydhafushi;Eydhafushi;;P;PPLA;MV;Maldives;;31;;;;2808;;7;Indian/Maldives;2013-07-04;Maldives;5.10327, 73.07078
1337623;Felidhoo;Felidhoo;Felidhoo;P;PPLA;MV;Maldives;;47;;;;541;;8;Indian/Maldives;2018-03-08;Maldives;3.47182, 73.54699
8410622;Open Stage;Open Stage;;P;PPLL;MV;Maldives;;31;;;;1258;2;8;Indian/Maldives;2024-09-30;Maldives;5.1053, 73.07115
1090239;Kaouéni;Kaoueni;;P;PPL;YT;;;97611;;;;17060;;9;Indian/Mayotte;2024-01-29;;-12.77121, 45.22419
1090275;Labattoir;Labattoir;Labattoir;P;PPL;YT;;;97608;;;;17739;;34;Indian/Mayotte;2024-01-18;;-12.77698, 45.28234
921654;Ouanani;Ouanani;Oanani,Ouanani,Wanani,wanani,wanany,Оуанани,وانانى,واناني,ワナニ;P;PPL;KM;Comoros;;03;;;;1917;;217;Indian/Comoro;2023-11-29;Comoros;-12.3375, 43.7975
1091076;Hajoho;Hajoho;Hajoho;P;PPL;KM;Comoros;;01;;;;2505;;28;Indian/Comoro;2018-11-26;Comoros;-12.12434, 44.48881
1091868;Itsandzéni;Itsandzeni;Itsandzeni,Itsandzéni;P;PPL;KM;Comoros;;02;;;;1382;;435;Indian/Comoro;2012-01-19;Comoros;-11.47278, 43.38444
1092065;Bahani;Bahani;Bahani,Bakhani,bahany,Бахани,باهانی;P;PPL;KM;Comoros;;02;;;;1272;;350;Indian/Comoro;2012-01-19;Comoros;-11.63972, 43.28417
1053507;Vondrozo;Vondrozo;;P;PPL;MG;Madagascar;;25;25217;25217011;25217011003;19949;;485;Indian/Antananarivo;2018-09-10;Madagascar;-22.81667, 47.28333
1053765;Vohipeno;Vohipeno;Vohipeao,Vohipeno,wu xi pei nu,wwhypnw,ووهیپنو,武希佩努;P;PPL;MG;Madagascar;;26;23212;23212010;23212010006;15622;;6;Indian/Antananarivo;2023-12-21;Madagascar;-22.35, 47.83333
1056629;Savana;Savana;Savana,safana,sawana,Савана,سافانا,ساوانا;P;PPL;MG;Madagascar;;26;23212;23212053;23212053005;4000;;1;Indian/Antananarivo;2022-09-30;Madagascar;-22.38333, 47.9
1076105;Hell-Ville;Hell-Ville;Andoani,Andoany,Anduani,Hell-Ville,Helville,andouani,andwany,Андуани,آندوآنی,أندواني,アンドゥアニ;P;PPL;MG;Madagascar;;71;71718;71718001;71718001006;53219;;23;Indian/Antananarivo;2023-12-21;Madagascar;-13.39718, 48.26663
934032;Saint Pierre;Saint Pierre;Saint Pierre,Saint Pierre Village;P;PPL;MU;Mauritius;;15;;;;16704;;392;Indian/Mauritius;2024-01-18;Mauritius;-20.2215, 57.53431
934091;Rivière du Rempart;Riviere du Rempart;;P;PPLA;MU;Mauritius;;19;;;;10825;;53;Indian/Mauritius;2025-07-01;Mauritius;-20.10306, 57.68472
1106638;Mare La Chaux;Mare La Chaux;Mare La Chaux;P;PPL;MU;Mauritius;;13;;;;2058;;50;Indian/Mauritius;2018-12-06;Mauritius;-20.19806, 57.74944
7931878;Guraidhoo;Guraidhoo;;P;PPL;MV;Maldives;;46;;;;1800;2;11;Indian/Maldives;2023-06-26;Maldives;2.32473, 73.31846
12494177;Nilandhoo;Nilandhoo;Nilandhoo;P;PPLA;MV;Maldives;;33;;;;0;;-9999;Indian/Maldives;2022-09-24;Maldives;3.05667, 72.89
935616;Le Port;Le Port;La Point-aux-galets,Le Port,Le Port des Galets,Port,Port de la Pointe des Galets,Port des Galets;P;PPL;RE;Réunion;;RE;974;9744;97407;33336;;22;Indian/Reunion;2024-01-18;Réunion;-20.93752, 55.29415
935902;L'Étang-Salé;L'Etang-Sale;Etan-Sale-les-Hauts,Étan-Salé-les-Hauts;P;PPL;RE;Réunion;;RE;974;9742;97404;13836;;304;Indian/Reunion;2024-01-18;Réunion;-21.25, 55.38333
921707;Pamandzi;Pamandzi;DZA,Pamandzi;P;PPLA;YT;;;97615;;;;11442;;23;Indian/Mayotte;2024-01-18;;-12.79674, 45.27938
922015;Acoua;Acoua;Accua,Acoua,Acua;P;PPLA;YT;;;97601;;;;4622;;10;Indian/Mayotte;2017-01-11;;-12.72391, 45.05819
241303;La Digue;La Digue;Dig,Dih,La-Dig,La-Dih,Діг,Діґ,Ла-Діг,Ла-Діґ;P;PPL;SC;Seychelles;;25;;;;3934;;9;Indian/Mahe;2025-11-27;Seychelles;-4.35544, 55.83527
241427;Beau Vallon;Beau Vallon;Beau Vallon;P;PPLA;SC;Seychelles;;08;;;;4142;;76;Indian/Mahe;2013-08-10;Seychelles;-4.62091, 55.43015
13527028;English River;English River;English River (La Riviere Anglaise),English River (La Rivière Anglaise),La Riviere Anglaise,La Rivière Anglaise,xing li chri wexr,อิงลิชริเวอร์;P;PPL;SC;Seychelles;;26;;;;4236;;-9999;Indian/Mahe;2025-10-02;Seychelles;-4.61365, 55.45475
241257;Grand'Anse;Grand'Anse;Grand'Anse Mahe,Grand'Anse Mahé,La Misere,Misere;P;PPL;SC;Seychelles;;24;;;;4140;;411;Indian/Mahe;2025-10-02;Seychelles;-4.66667, 55.46667
10792304;Anse aux Pins;Anse aux Pins;;P;PPL;SC;Seychelles;;01;;;;4685;;-9999;Indian/Mahe;2025-10-02;Seychelles;-4.686, 55.522
11694891;Mont Buxton;Mont Buxton;;P;PPLX;SC;Seychelles;;17;;;;3383;;66;Indian/Mahe;2025-10-02;Seychelles;-4.61638, 55.44821
13527034;Belombre;Belombre;;P;PPLX;SC;Seychelles;;10;;;;4829;;191;Indian/Mahe;2025-10-02;Seychelles;-4.61814, 55.41268
1546102;Port-aux-Français;Port-aux-Francais;Port o Franse,Port o Fransė,Port-aux-Francais,Port-aux-Français,Port-o-Franse,Port-o-Franseh,Portofranse,Portofransē,fa lan xi gang,poleutopeulangsye,porutofuranse,Порт-о-Франсе,Порт-о-Франсэ,ปอโรฟร็องแซ,ポルトーフランセ,法兰西港,포르토프랑셰;P;PPLC;TF;;FR;03;;;;45;;11;Indian/Kerguelen;2018-08-17;;-49.34916, 70.21937
921655;Vouani;Vouani;Voani,Voany,Vouani;P;PPL;KM;Comoros;;01;;;;2513;;85;Indian/Comoro;2012-01-18;Comoros;-12.24417, 44.37444
1057688;Sadabe;Sadabe;Sadabe,sdabh,Садабе,سدبے,صدابه;P;PPL;MG;Madagascar;;11;11106;11106390;11106390017;17000;;1336;Indian/Antananarivo;2018-09-10;Madagascar;-18.63333, 47.7
1064366;Ifanadiana;Ifanadiana;Ifanadiana,ayfanadyana,yi fa na di ya na,Ифанадиана,ایفانادیانا,伊法納迪亞納,伊法纳迪亚纳;P;PPL;MG;Madagascar;;27;23206;23206011;23206011001;16607;;433;Indian/Antananarivo;2023-12-21;Madagascar;-21.3, 47.63333
1067565;Beloha;Beloha;;P;PPL;MG;Madagascar;;52;52513;52513010;52513010030;23021;;156;Indian/Antananarivo;2018-09-10;Madagascar;-25.16667, 45.05
1079846;Ambohitrandriamanitra;Ambohitrandriamanitra;Ambohiandriamanitra,Ambohitrandriamanitra,Ambohitrandrimanitra,Ambokhitrandriamanitra,ambwhytrandryamanytra,Амбохитрандриаманитра,امبوهیتراندریامانیترا;P;PPL;MG;Madagascar;;11;11106;11106230;11106230004;8000;;1465;Indian/Antananarivo;2018-09-10;Madagascar;-19.08333, 47.78333
1082243;Ambilobe;Ambilobe;AMB;P;PPLA2;MG;Madagascar;;71;71717;71717010;;66029;;31;Indian/Antananarivo;2023-12-21;Madagascar;-13.2, 49.05
933995;Souillac;Souillac;Port Souillac,Soullac;P;PPLA;MU;Mauritius;;20;;;;4434;;18;Indian/Mauritius;2024-01-18;Mauritius;-20.51667, 57.51667
934127;Quatre Soeurs;Quatre Soeurs;La Coterie,Quatre Soeurs,Quatre Soeurs Br.;P;PPL;MU;Mauritius;;13;;;;3515;;15;Indian/Mauritius;2012-01-18;Mauritius;-20.29917, 57.77056
934198;Petite Case Noyale;Petite Case Noyale;Petite Case Noyale;P;PPL;MU;Mauritius;;12;;;;1525;;205;Indian/Mauritius;2024-05-22;Mauritius;-20.404, 57.371
934660;Camp Diable;Camp Diable;Camp Diable;P;PPL;MU;Mauritius;;20;;;;5082;;198;Indian/Mauritius;2018-12-05;Mauritius;-20.46278, 57.57889
1106645;Camp Ithier;Camp Ithier;Camp Ithier;P;PPL;MU;Mauritius;;13;;;;4401;;63;Indian/Mauritius;2018-12-06;Mauritius;-20.21583, 57.74556
1337605;Mahibadhoo;Mahibadhoo;Mahibadhoo;P;PPLA;MV;Maldives;;10346475;;;;2156;;9;Indian/Maldives;2018-03-26;Maldives;3.75713, 72.96893
1337607;Kudahuvadhoo;Kudahuvadhoo;DDD,Kudahuvadhoo;P;PPLA;MV;Maldives;;32;;;;1562;;9;Indian/Maldives;2017-05-04;Maldives;2.67075, 72.89437
921856;Itsandra;Itsandra;Icandra,Itsandha,Itsandra,Itsandra Mdjini,Ицандра;P;PPL;KM;Comoros;;02;;;;2684;;21;Indian/Comoro;2023-11-29;Comoros;-11.67638, 43.26466
921967;Bimbini;Bimbini;Bimbini,bymbyny,Бимбини,بيمبينى,بيمبيني,بیمبینی;P;PPL;KM;Comoros;;01;;;;2052;;151;Indian/Comoro;2013-03-28;Comoros;-12.18833, 44.23556
1060283;Maroantsetra;Maroantsetra;Maroantsetra,Maruancentre,WMN,Маруанцентре;P;PPL;MG;Madagascar;;32;32303;32303010;32303010007;45041;;10;Indian/Antananarivo;2023-12-21;Madagascar;-15.43527, 49.73794
1061605;Manakara;Manakara;Manakara,Manankara,WVK,ma na ka la,manakala,manakara,Манакара,Մանակարա,マナカラ,馬納卡拉,마나카라;P;PPLA;MG;Madagascar;;26;23210;23210010;;46850;;7;Indian/Antananarivo;2023-12-21;Madagascar;-22.14862, 48.01055
1064258;Ikalamavony;Ikalamavony;Ikalamavony;P;PPL;MG;Madagascar;;21;21219;21219010;21219010004;15601;;818;Indian/Antananarivo;2018-09-10;Madagascar;-21.15, 46.58333
1075592;Andramasina;Andramasina;;P;PPLA2;MG;Madagascar;;11;11115;11115010;;0;;1360;Indian/Antananarivo;2023-06-28;Madagascar;-19.18785, 47.59016
1081790;Amboasary;Amboasary;Amboasary,Amboasary Sud;P;PPL;MG;Madagascar;;53;53519;53519010;53519010004;48705;;22;Indian/Antananarivo;2023-12-21;Madagascar;-25.03333, 46.38333
934013;Sebastopol;Sebastopol;;P;PPL;MU;Mauritius;;13;;;;5745;;217;Indian/Mauritius;2016-09-26;Mauritius;-20.2907, 57.68779
934043;Saint Julien;Saint Julien;Julien,Saint Julien,Saint Julien Village;P;PPL;MU;Mauritius;;13;;;;3188;;149;Indian/Mauritius;2025-01-20;Mauritius;-20.208, 57.676
934240;New Grove;New Grove;New Grove,New Grove Station;P;PPL;MU;Mauritius;;14;;;;11023;;241;Indian/Mauritius;2024-01-18;Mauritius;-20.40861, 57.61361
934400;Dagotière;Dagotiere;Dagotiere,Dagotière,La Dagotiere,La Dagotière;P;PPL;MU;Mauritius;;15;;;;7468;;446;Indian/Mauritius;2024-01-18;Mauritius;-20.24476, 57.56188
934765;Beau Bassin-Rose Hill;Beau Bassin-Rose Hill;Beau Bassin,Beau Bassin-Rose Hill,Villes sœurs;P;PPLA;MU;Mauritius;;17;;;;111355;;249;Indian/Mauritius;2017-09-15;Mauritius;-20.23325, 57.46609
921917;Dembeni;Dembeni;Debenay,Debeney;P;PPLA;YT;;;97607;;;;10141;;15;Indian/Mayotte;2013-08-08;;-12.8436, 45.18436
1090322;Chiconi;Chiconi;Chiconi;P;PPLA;YT;;;97605;;;;7204;;109;Indian/Mayotte;2020-10-25;;-12.83333, 45.11056
921687;Salimani;Salimani;Salimani,Selimani;P;PPL;KM;Comoros;;02;;;;1662;;15;Indian/Comoro;2018-11-26;Comoros;-11.8115, 43.26823
921753;Moutsamoudou;Moutsamoudou;Matsamudu,Moutsamoudou,Mutsamudu,mwtsamwdw,موتسامودو;P;PPLA;KM;Comoros;;01;;;;26313;;61;Indian/Comoro;2023-11-29;Comoros;-12.16672, 44.39944
921944;Chezani;Chezani;Cezani,Chezani;P;PPL;KM;Comoros;;02;;;;2322;;182;Indian/Comoro;2014-03-26;Comoros;-11.4314, 43.39625
1090640;Ziroudani;Ziroudani;Ziroudani,zyrwdany,Зироудани,زيرودانى,زيروداني;P;PPL;KM;Comoros;;03;;;;1197;;268;Indian/Comoro;2012-01-19;Comoros;-12.3325, 43.7775
1091713;Koua;Koua;;P;PPL;KM;Comoros;;02;;;;1391;;314;Indian/Comoro;2021-02-04;Comoros;-11.40514, 43.34713
1092529;Nioumamilima;Nioumamilima;Nioumamilima;P;PPL;KM;Comoros;;02;;;;1068;;661;Indian/Comoro;2018-11-26;Comoros;-11.85461, 43.44607
1059098;Miadanandriana;Miadanandriana;Miadanandriana,myadanandryana,Миаданандриана,میاداناندریانا;P;PPL;MG;Madagascar;;11;11106;11106150;11106150004;10000;;1358;Indian/Antananarivo;2018-09-10;Madagascar;-19.03333, 47.78333
1070661;Antanifotsy;Antanifotsy;;P;PPL;MG;Madagascar;;12;12114;12114010;;70626;;1571;Indian/Antananarivo;2023-06-30;Madagascar;-19.65, 47.31667
1076227;Andovoranto;Andovoranto;Andevorante,Andevoranto,Andovoranto;P;PPL;MG;Madagascar;;31;31306;31306090;31306090001;10429;;10;Indian/Antananarivo;2018-09-10;Madagascar;-18.95443, 49.1094
934229;Nouvelle France;Nouvelle France;Nouvelle France;P;PPL;MU;Mauritius;;14;;;;7238;;461;Indian/Mauritius;2018-07-04;Mauritius;-20.37056, 57.56111
934288;Melrose;Melrose;Melrose;P;PPL;MU;Mauritius;;15;;;;2002;;346;Indian/Mauritius;2018-12-05;Mauritius;-20.26972, 57.63194
934631;Centre de Flacq;Centre de Flacq;Centre of Flacq,Flacq;P;PPLA;MU;Mauritius;;13;;;;17710;;53;Indian/Mauritius;2008-03-15;Mauritius;-20.18972, 57.71444
1106616;Baie du Tombeau;Baie du Tombeau;Baie du Tombeau;P;PPL;MU;Mauritius;;16;;;;15301;;-9999;Indian/Mauritius;2024-01-18;Mauritius;-20.11944, 57.49139
1106809;Le Hochet;Le Hochet;Le Hochet;P;PPL;MU;Mauritius;;16;;;;15662;;35;Indian/Mauritius;2024-01-18;Mauritius;-20.13859, 57.53013
11777962;Maafushi;Maafushi;;P;PPL;MV;Maldives;;38;;;;3000;1;6;Indian/Maldives;2017-12-01;Maldives;3.94231, 73.4907
935264;Saint-Denis;Saint-Denis;RUN,Saint-Denis,Saint-Denis (Reunion),Saint-Denis (Réunion),Saint-Denis de la Reunion,Saint-Denis de la Réunion,Sen-Deni,St. Denis,saengdeuni,snt dnys,Сен-Дени,סנט דניס,サン・ドゥニ,생드니;P;PPLC;RE;Réunion;;RE;974;9741;97411;154765;;44;Indian/Reunion;2024-01-18;Réunion;-20.88231, 55.4504
1090242;Mtsapéré;Mtsapere;Mtsapere,Mtsapéré;P;PPLX;YT;;;97611;;;;15880;;37;Indian/Mayotte;2024-01-29;;-12.78636, 45.21732
1090254;Vahibé;Vahibe;Vahibe,Vahibeni,Vahibé,Vahibéni;P;PPL;YT;;;97611;;;;6067;;208;Indian/Mayotte;2024-01-29;;-12.79024, 45.17707
1090383;Miréréni;Mirereni;Mirereni,Miréréni,Mrereni,Mréréni;P;PPL;YT;;;97606;;;;1372;;22;Indian/Mayotte;2024-01-29;;-12.90708, 45.15295
1090415;Chirongui;Chirongui;Chirongui;P;PPLA;YT;;;97606;;;;6173;;13;Indian/Mayotte;2012-02-07;;-12.93194, 45.14833
921942;Chindini;Chindini;Chendini,Chindini,Shendini;P;PPL;KM;Comoros;;02;;;;1471;;7;Indian/Comoro;2018-11-26;Comoros;-11.92328, 43.49109
1092396;Séléa;Selea;Selea,Séléa;P;PPL;KM;Comoros;;02;;;;1662;;96;Indian/Comoro;2023-12-02;Comoros;-11.78756, 43.27036
1056386;Soanierana Ivongo;Soanierana Ivongo;Saanierana,Soahierana,Soanierana,Soanierana Ivongo,Suanierana-Ivungu,sanyyrana ayfwnjw,su a nie la na yi weng gu,swanyrana aywwngw,Суаниерана-Ивунгу,سانييرانا ايفونجو,سوآنیرانا ایوونگو,蘇阿涅拉納伊翁古;P;PPL;MG;Madagascar;;32;32318;32318011;32318011005;39271;;117;Indian/Antananarivo;2018-09-10;Madagascar;-16.91667, 49.58333
1058390;Morombe;Morombe;MXM,Morombe,mu long bei,murunbe,mwrwmbh,mwrwmby,מורומבה,مورومبه,مورومبي,ムルンベ,穆龍貝,穆龙贝;P;PPL;MG;Madagascar;;51;51504;51504010;51504010009;23961;;6;Indian/Antananarivo;2023-12-21;Madagascar;-21.74499, 43.36055
1062663;Mahajanga;Mahajanga;MJN,Machatzan'nka,Mahadzanga,Mahajanga,Majunga,Makhadzanga,Makhadzhanga,ma ha zan jia,mahajang-ga,mahajanga,majnka,Μαχατζάνγκα,Махаджанга,Махадзанга,מאהאזאנגה,ماجنكا,マハジャンガ,马哈赞加,마하장가;P;PPLA;MG;Madagascar;;41;41401;41401001;;260556;;20;Indian/Antananarivo;2023-12-21;Madagascar;-15.71667, 46.31667
1069129;Antsiranana;Antsiranana;Anceranana,Antseranana,Antsirana,Antsiranana,Antsirane,Antsiran̈ana,DIE,Diego Soarez,Diego-Suarez,Diégo-Suarez,Анцеранана;P;PPLA;MG;Madagascar;;71;71715;;;136959;;60;Indian/Antananarivo;2023-12-21;Madagascar;-12.31732, 49.29188
1077222;Analalava;Analalava;HVA;P;PPL;MG;Madagascar;;42;42411;42411011;42411011005;10349;;20;Indian/Antananarivo;2025-09-25;Madagascar;-14.63333, 47.75
1078446;Amparafaravola;Amparafaravola;Amparafarovola,Amparofaravola;P;PPLA2;MG;Madagascar;;33;33312;33312011;;35266;;777;Indian/Antananarivo;2023-12-21;Madagascar;-17.5876, 48.22391
1079048;Ambovombe;Ambovombe;;P;PPLA;MG;Madagascar;;52;52516;52516011;;69265;;142;Indian/Antananarivo;2023-12-21;Madagascar;-25.17838, 46.08722
934262;Montagne Blanche;Montagne Blanche;Blanche Mont,Mont Blanche,Montagne Blanche;P;PPL;MU;Mauritius;;00;;;;9440;;291;Indian/Mauritius;2024-01-18;Mauritius;-20.28538, 57.65865
934322;Mahébourg;Mahebourg;Mahebourg,Mahébourg,Majeburas,Makheborg,ma ai bao,ma ke bang,ma xi bu,maeburu,Махеборг,マエブール,馬可邦,馬喜埔,马埃堡;P;PPL;MU;Mauritius;;14;;;;17042;;26;Indian/Mauritius;2012-01-18;Mauritius;-20.40806, 57.7
934614;Chemin Grenier;Chemin Grenier;Chemin Grenier,Shmen-Gren'e,chemin Grenier,she man ge lei nie,Шмен-Гренье,舍曼格勒涅;P;PPL;MU;Mauritius;;20;;;;12457;;74;Indian/Mauritius;2013-08-24;Mauritius;-20.48722, 57.46556
12168288;Richelieu;Richelieu;;P;PPL;MU;Mauritius;;12;;;;9178;;77;Indian/Mauritius;2024-01-18;Mauritius;-20.19324, 57.45952
1337616;Naifaru;Naifaru;;P;PPLA;MV;Maldives;;39;;;;5044;;6;Indian/Maldives;2013-07-04;Maldives;5.44438, 73.36571
7503195;Downtown;Downtown;Diego Garcia,Downtown;P;PPLL;IO;;;00;;;;3000;;6;Indian/Chagos;2025-10-02;;-7.26229, 72.37676
921900;Dzaoudzi;Dzaoudzi;DZA,Dzaoudzi,Dzaoudzi-Labattoir,Zaudzi,zao de ji,zauji,ザウジ,藻德济;P;PPLA;YT;;;97608;;;;15339;;26;Indian/Mayotte;2014-08-19;;-12.78339, 45.25693
1090117;Mtsangamboua;Mtsangamboua;M'Tsangamboi,Mtsangamboua;P;PPL;YT;;;97602;;;;1304;;34;Indian/Mayotte;2024-01-29;;-12.69033, 45.10926
1090223;Trévani;Trevani;Trevani,Trévani;P;PPL;YT;;;97610;;;;4022;;18;Indian/Mayotte;2024-01-29;;-12.73437, 45.19861
1090387;Hamouro;Hamouro;Amoro,Hamouro;P;PPL;YT;;;97603;;;;1050;;20;Indian/Mayotte;2024-01-18;;-12.8813, 45.21494
11694895;Saint Louis;Saint Louis;Saint Louis,Sankt Louis,St.Louis,senthluys,เซนต์หลุยส์;P;PPLX;SC;Seychelles;;22;;;;3692;;86;Indian/Mahe;2025-10-02;Seychelles;-4.62457, 55.44441
935221;Saint-Paul;Saint-Paul;Saint-Paul;P;PPL;RE;Réunion;;RE;974;9744;97415;105240;;11;Indian/Reunion;2024-01-18;Réunion;-21.00961, 55.27134
935255;Sainte-Marie;Sainte-Marie;Sainte-Marie,Sent-Mari,Сент-Мари;P;PPL;RE;Réunion;;RE;974;9741;97418;34344;;9;Indian/Reunion;2024-01-18;Réunion;-20.89686, 55.55056
935713;La Mare;La Mare;La Mare,La Mare Usine,Mare;P;PPL;RE;Réunion;;RE;974;9741;97418;2189;;29;Indian/Reunion;2025-07-14;Réunion;-20.8978, 55.53264
935915;Entre-Deux;Entre-Deux;;P;PPLA4;RE;Réunion;;RE;974;9742;97403;7105;;445;Indian/Reunion;2024-01-18;Réunion;-21.23333, 55.46667
921704;Passamainty;Passamainty;Passamainti,Passamainty,Passamaïnti;P;PPL;YT;;;97611;;;;8430;;11;Indian/Mayotte;2024-01-29;;-12.80201, 45.20818
921835;Koni-Ngani;Koni-Ngani;Kone N'Goni,Kone N’Goni,Koni-Ngani;P;PPL;KM;Comoros;;01;;;;3288;;814;Indian/Comoro;2018-11-20;Comoros;-12.21583, 44.48
921897;Dziani;Dziani;Dziani,dzyany,دزيانى,دزياني;P;PPL;KM;Comoros;;01;;;;1754;;289;Indian/Comoro;2018-02-22;Comoros;-12.18333, 44.48333
921939;Chironkamba;Chironkamba;Chironkamba,bandorani=shironkanba,chyrwn kamba,tshyrwnkamba,تشيرونكامبا,چیرون کامبا,バンドラニ＝シロンカンバ;P;PPL;KM;Comoros;;01;;;;2391;;158;Indian/Comoro;2012-01-18;Comoros;-12.19111, 44.3525
1090583;Mtakoudja;Mtakoudja;Mtakoudja;P;PPL;KM;Comoros;;03;;;;1410;;39;Indian/Comoro;2012-01-19;Comoros;-12.26111, 43.70361
1091117;Mirontsi;Mirontsi;Mirontsi,myrwntsy,ميرونتسي;P;PPL;KM;Comoros;;01;;;;11955;;213;Indian/Comoro;2023-11-29;Comoros;-12.1604, 44.40986
1057996;Boriziny;Boriziny;Boriziny,Burizini,Port-Berge,Port-Bergé,bwryzyny,Буризини,بوریزینی,ポート・ベルジェ;P;PPL;MG;Madagascar;;42;42409;42409190;42409190001;23906;;22;Indian/Antananarivo;2023-12-21;Madagascar;-15.55, 47.66667
1059556;Marovatolena;Marovatolena;Marovatolena,marwwatwlna,ماروواتولنا;P;PPL;MG;Madagascar;;42;42411;42411110;42411110001;8769;;197;Indian/Antananarivo;2025-09-25;Madagascar;-15.18333, 47.65
1062818;Mahabe;Mahabe;Mahabe,Mahabo;P;PPL;MG;Madagascar;;44;44402;44402110;44402110001;10000;;293;Indian/Antananarivo;2018-09-10;Madagascar;-17.08333, 45.33333
1067982;Bekily;Bekily;Morafeno Bekily,OVA;P;PPL;MG;Madagascar;;52;52518;52518010;52518010004;20915;;383;Indian/Antananarivo;2023-12-21;Madagascar;-24.21667, 45.31667
1079681;Ambohitseheno;Ambohitseheno;Ambohitseheno,Ambokhicekheno,ambwhytshnw,Амбохицехено,امبوهیتسهنو;P;PPL;MG;Madagascar;;11;11106;11106271;11106271001;6000;;1479;Indian/Antananarivo;2018-09-10;Madagascar;-18.78333, 47.8
1083676;Ambarakaraka;Ambarakaraka;Ambarakaraka,ambarakaraka,امباراکاراکا;P;PPL;MG;Madagascar;;71;71717;71717231;71717231001;16114;;50;Indian/Antananarivo;2018-09-10;Madagascar;-13.5, 48.86667
934195;Petite Rivière;Petite Riviere;Ptit-Riv'er,Птит-Ривьер;P;PPL;MU;Mauritius;;12;;;;5331;;86;Indian/Mauritius;2013-08-25;Mauritius;-20.19551, 57.44592
934232;Notre Dame;Notre Dame;Notre Dame,Notre Dame Station;P;PPL;MU;Mauritius;;16;;;;3959;;132;Indian/Mauritius;2020-06-10;Mauritius;-20.14298, 57.55969
934570;Curepipe;Curepipe;Curepipe,K'jurpajp,Kiurpipas,Kjurpajp,Kjurpip,ju er pi pu,kulepipe,kur pip,kwrybyb,kyurupippu,Кьюрпайп,Кюрпип,Кјурпајп,كوريبيب,کیورپیپہ,กูร์ปีป,キュールピップ,居爾皮普,쿠레피페;P;PPL;MU;Mauritius;;17;;;;78618;;559;Indian/Mauritius;2023-02-01;Mauritius;-20.31628, 57.52594
934739;Belle Vue Maurel;Belle Vue Maurel;Belle Vue,Belle Vue Maurel;P;PPL;MU;Mauritius;;19;;;;7607;;108;Indian/Mauritius;2025-07-01;Mauritius;-20.12028, 57.66361
1282027;Male;Male;MLE,Maale,Male,Malé,Malė,ma lei,ma lu,male,malle,mare,Μαλέ,Мале,מאלה,މާލެ,माले,মালে,மாலே,มาเล,มาเล่,マレ,瑪律,馬累,马累,말레;P;PPLC;MV;Maldives;;38;;;;103693;;8;Indian/Maldives;2025-08-06;Maldives;4.17521, 73.50916
1337609;Viligili;Viligili;Viligili,Villingili;P;PPLA;MV;Maldives;;34;;;;2925;;5;Indian/Maldives;2013-07-04;Maldives;0.75906, 73.43296
7932385;Piton Saint-Leu;Piton Saint-Leu;;P;PPLL;RE;Réunion;;RE;974;9744;97413;29278;350;294;Indian/Reunion;2016-06-22;Réunion;-21.21962, 55.31513
1090248;Tsoundzou 1;Tsoundzou 1;Trotrondjeou,Trotrondjéou,Tsoundzou 1;P;PPL;YT;;;97611;;;;5570;;50;Indian/Mayotte;2024-01-29;;-12.80615, 45.2023
1090314;Kahani;Kahani;;P;PPL;YT;;;97614;;;;3073;;121;Indian/Mayotte;2024-01-29;;-12.82385, 45.13141
1090397;Bandrele;Bandrele;Bandrele,Bandrélé;P;PPLA;YT;;;97603;;;;6350;;14;Indian/Mayotte;2024-08-25;;-12.91276, 45.19256
921721;Ouani;Ouani;AJN,Oani,Ouani,Ouany,Owani,awany,wani,Ուանի,أواني,اوانى,ワニ;P;PPL;KM;Comoros;;01;;;;10073;;18;Indian/Comoro;2023-11-29;Comoros;-12.13554, 44.42493
921763;Mramani;Mramani;M'Ramoni,Mramani,M’Ramoni,muramani,Мрамани,Մրամանի,ムラマニ;P;PPL;KM;Comoros;;01;;;;5126;;83;Indian/Comoro;2025-11-15;Comoros;-12.34639, 44.52861
1058242;Nandihizana;Nandihizana;Carion,Nandihizana;P;PPL;MG;Madagascar;;11;11106;11106170;11106170003;5000;;1365;Indian/Antananarivo;2018-09-10;Madagascar;-18.9, 47.71667
1063368;Kopoky;Kopoky;;P;PPL;MG;Madagascar;;52;52513;52513050;52513050011;15000;;127;Indian/Antananarivo;2018-09-10;Madagascar;-25.2, 45.2
1066514;Betafo;Betafo;Betafo,bei ta fu,btafw,bytafw,Бетафо,بتافو,بيتافو,贝塔富;P;PPL;MG;Madagascar;;12;12109;12109010;12109010006;36364;;1371;Indian/Antananarivo;2023-12-21;Madagascar;-19.83333, 46.85
1080522;Ambohidratrimo;Ambohidratrimo;Ambohidratimo,Ambohidratrimo;P;PPL;MG;Madagascar;;11;11103;11103010;11103010006;25163;;1271;Indian/Antananarivo;2023-12-21;Madagascar;-18.818, 47.43382
1083968;Ambalavao;Ambalavao;Ambalava,Ambalavao;P;PPL;MG;Madagascar;;21;21205;21205010;21205010014;45784;;1009;Indian/Antananarivo;2023-12-21;Madagascar;-21.83333, 46.93333
933974;Terre Rouge;Terre Rouge;Terre Rouge;P;PPL;MU;Mauritius;;16;;;;11210;;44;Indian/Mauritius;2024-01-18;Mauritius;-20.1283, 57.53116
934144;Poudre d’Or;Poudre d'Or;Poudre D'Or Village,Poudre D’Or Village,Poudre d'Or,Poudre d’Or;P;PPL;MU;Mauritius;;19;;;;2373;;16;Indian/Mauritius;2024-01-18;Mauritius;-20.06, 57.67667
934705;Bois des Amourettes;Bois des Amourettes;Bois des Amourettes;P;PPL;MU;Mauritius;;14;;;;1986;;182;Indian/Mauritius;2018-12-05;Mauritius;-20.36306, 57.73111
934750;Bel Air Rivière Sèche;Bel Air Riviere Seche;Bel Air,Bel Air Riviere Seche,Bel Air Rivière Sèche,bei lai er,בל אייר,ベル・エア・リビエール・セシェ,贝莱尔;P;PPL;MU;Mauritius;;13;;;;18036;;78;Indian/Mauritius;2024-01-18;Mauritius;-20.25777, 57.74976
921674;Singani;Singani;Singani;P;PPL;KM;Comoros;;02;;;;2309;;126;Indian/Comoro;2018-11-26;Comoros;-11.84784, 43.31731
921719;Ouellah;Ouellah;;P;PPL;KM;Comoros;;02;;;;5478;;140;Indian/Comoro;2017-08-09;Comoros;-11.39028, 43.33194
921731;Ntsaouéni;Ntsaoueni;Mitsaoueni,Mtsaoueni,Ntsaoueni,Ntsaouéni,Tsaueni;P;PPL;KM;Comoros;;02;;;;2760;;26;Indian/Comoro;2023-11-29;Comoros;-11.46583, 43.26278
1091436;Daji;Daji;Daji;P;PPL;KM;Comoros;;01;;;;2676;;562;Indian/Comoro;2014-04-06;Comoros;-12.32583, 44.48861
1061412;Mananara;Mananara;Mananara,Mananara Avaratra,WMR;P;PPL;MG;Madagascar;;32;32304;32304011;32304011001;37224;;15;Indian/Antananarivo;2023-12-21;Madagascar;-16.16864, 49.76622
933959;Triolet;Triolet;Triolet,Триолет;P;PPL;MU;Mauritius;;16;;;;24361;;34;Indian/Mauritius;2024-01-18;Mauritius;-20.0576, 57.55025
934169;Plaine Magnien;Plaine Magnien;Plaine Magnien,Plaines Magnien;P;PPL;MU;Mauritius;;14;;;;10778;;67;Indian/Mauritius;2014-08-18;Mauritius;-20.42967, 57.66968
934170;Plaine des Papayes;Plaine des Papayes;Plaine des Papayes,Plaines des Papayes;P;PPL;MU;Mauritius;;16;;;;7925;;68;Indian/Mauritius;2024-01-18;Mauritius;-20.065, 57.5725
934661;Camp de Masque;Camp de Masque;Camp de Masque,Camp de Masque Station;P;PPL;MU;Mauritius;;13;;;;2721;;176;Indian/Mauritius;2025-01-20;Mauritius;-20.236, 57.676
1106614;Pointe aux Piments;Pointe aux Piments;;P;PPL;MU;Mauritius;;16;;;;7556;;7;Indian/Mauritius;2019-07-11;Mauritius;-20.06494, 57.52347
11205637;Lallmatie;Lallmatie;;P;PPL;MU;Mauritius;;;;;;11910;;10;Indian/Mauritius;2025-07-01;Mauritius;-20.01839, 57.58017
935223;Saint-Louis;Saint-Louis;Saint-Louis,Sen-Lui,Сен-Луи;P;PPL;RE;Réunion;;RE;974;9742;97414;53935;;40;Indian/Reunion;2024-01-18;Réunion;-21.28585, 55.41124
921895;Dzumogne;Dzumogne;Dzoumogne,Dzumogne;P;PPL;YT;;;97602;;;;6075;;48;Indian/Mayotte;2024-01-29;;-12.71667, 45.11667
921933;Combani;Combani;;P;PPL;YT;;;97611;;;;6665;;202;Indian/Mayotte;2024-01-29;;-12.8, 45.16667
1090340;Sada;Sada;Sada;P;PPLA;YT;;;97616;;;;9832;;82;Indian/Mayotte;2018-12-04;;-12.85055, 45.10205
1090402;Nyambadao;Nyambadao;Nyambadao;P;PPL;YT;;;97603;;;;1692;;23;Indian/Mayotte;2024-01-29;;-12.89346, 45.20214
1057095;Sakaraha;Sakaraha;Sakaraha,Sakaray;P;PPL;MG;Madagascar;;51;51512;51512011;51512011012;21826;;480;Indian/Antananarivo;2018-09-10;Madagascar;-22.9, 44.53333
1057922;Ranohira;Ranohira;;P;PPL;MG;Madagascar;;24;24216;24216231;24216231004;6000;;723;Indian/Antananarivo;2018-09-10;Madagascar;-22.48333, 45.4
1059949;Maromandia;Maromandia;Maromandia,marwmandya,ماروماندیا;P;PPL;MG;Madagascar;;42;42411;42411090;42411090001;33596;;48;Indian/Antananarivo;2025-09-25;Madagascar;-14.21667, 48.08333
1078171;Ampasimanolotra;Ampasimanolotra;Ampasimanolotra,Brickaville,Brikavil',Vohibinany,brykawyl,vuhibinani,wu xi ba na ni,Брикавиль,بریکاویل,ヴヒビナニ,武希巴納尼;P;PPL;MG;Madagascar;;31;31306;31306010;31306010010;21000;;13;Indian/Antananarivo;2018-09-10;Madagascar;-18.81667, 49.06667
934065;Rouge Terre;Rouge Terre;Rouge Terre,Terre Rouge;P;PPL;MU;Mauritius;;16;;;;10760;;40;Indian/Mauritius;2025-07-01;Mauritius;-20.04333, 57.56833
934649;Cap Malheureux;Cap Malheureux;Cap Malheureux,ma lei lei jiao,馬勒勒角,马勒勒角;P;PPL;MU;Mauritius;;19;;;;4803;;9;Indian/Mauritius;2012-05-05;Mauritius;-19.98417, 57.61417
12022106;Vingt Cinq;Vingt Cinq;;P;PPLA;MU;Mauritius;;21;;;;250;;3;Indian/Mauritius;2019-01-18;Mauritius;-10.38803, 56.61795
1337612;Dhihdhoo;Dhihdhoo;Dhidhdhoo,Dhihdhoo;P;PPLA;MV;Maldives;;36;;;;3039;;8;Indian/Maldives;2022-09-22;Maldives;6.88744, 73.11402
935214;Saint-Pierre;Saint-Pierre;Saint-Pierre,Sent-P'er,ZSE,Сент-Пьер;P;PPL;RE;Réunion;;RE;974;9742;97416;84077;;36;Indian/Reunion;2024-01-18;Réunion;-21.3393, 55.47811
1090191;Bouyouni;Bouyouni;Bouilloni,Bouyouni;P;PPL;YT;;;97602;;;;1948;;11;Indian/Mayotte;2024-01-29;;-12.73462, 45.13914
1090119;Bandraboua;Bandraboua;Bandraboua,M'Gombani;P;PPLA;YT;;;97602;;;;7880;;17;Indian/Mayotte;2018-12-04;;-12.7044, 45.12231
1090240;Kavani;Kavani;Kavani;P;PPLX;YT;;;97611;;;;9740;;22;Indian/Mayotte;2024-01-29;;-12.78447, 45.22299
921726;Ongoni;Ongoni;Ongoni,awngwny,awnjwny,awnqwny,Онгони,أونجوني,اونجونى,اونقونی,اونگونی;P;PPL;KM;Comoros;;01;;;;2058;;19;Indian/Comoro;2013-04-03;Comoros;-12.17028, 44.50694
1059011;Miarinarivo;Miarinarivo;Miarinarivo;P;PPLA;MG;Madagascar;;13;13112;13112010;;13883;;1325;Indian/Antananarivo;2023-12-21;Madagascar;-18.95873, 46.90553
1059136;Merikanjaka;Merikanjaka;Merikanjaka,mrykanjaka,مریکانجاکا;P;PPL;MG;Madagascar;;11;11106;11106310;11106310007;8000;;1560;Indian/Antananarivo;2018-09-10;Madagascar;-19.13333, 47.85
1060673;Manjakandriana;Manjakandriana;Manjakandriana,man zha kan de li ya na,manjakndryana,مانجاکندریانا,曼扎坎德里亞納;P;PPL;MG;Madagascar;;11;11106;11106011;11106011004;23498;;1462;Indian/Antananarivo;2023-12-21;Madagascar;-18.91667, 47.8
1060682;Manja;Manja;Fort Manza,MJA;P;PPLA2;MG;Madagascar;;54;54502;54502010;;0;;256;Indian/Antananarivo;2023-06-28;Madagascar;-21.43333, 44.33333
1063852;Ivato;Ivato;;P;PPL;MG;Madagascar;;25;25217;25217130;25217130002;8000;;240;Indian/Antananarivo;2024-03-15;Madagascar;-22.41667, 47.26667
1064978;Fenoarivo Be;Fenoarivo Be;Fenoarivo,Fenoarivo Afovoany,Fenoarivo Be;P;PPL;MG;Madagascar;;14;14119;14119010;14119010004;19605;;983;Indian/Antananarivo;2018-09-10;Madagascar;-18.43333, 46.56667
1064980;Fenoarivo Atsinanana;Fenoarivo Atsinanana;Fenerive,Fenerive-Atsinanana,Fenerive-Est,Fenoarivo Atsinanana,Fénérive-Atsinanana,Fénérive-Est;P;PPLA;MG;Madagascar;;32;32305;32305010;;44199;;14;Indian/Antananarivo;2023-12-21;Madagascar;-17.38095, 49.40826
934047;Saint Hubert;Saint Hubert;Saint Hubert;P;PPL;MU;Mauritius;;14;;;;4170;;148;Indian/Mauritius;2018-12-05;Mauritius;-20.36417, 57.63833
934095;Rivière des Anguilles;Riviere des Anguilles;River des Anguilles,River-dez-Angij,Riviere des Anguilles,Rivière des Anguilles,Ривер-дез-Ангий;P;PPL;MU;Mauritius;;20;;;;9927;;151;Indian/Mauritius;2024-02-01;Mauritius;-20.493, 57.563
1106660;Ecroignard;Ecroignard;Ecroignard;P;PPL;MU;Mauritius;;13;;;;5952;;81;Indian/Mauritius;2018-12-06;Mauritius;-20.22611, 57.73611
1337610;Thinadhoo;Thinadhoo;Thinadhoo;P;PPLA;MV;Maldives;;35;;;;6376;;7;Indian/Maldives;2016-04-10;Maldives;0.5306, 72.99969
